slug,nombre_ejercicio,descripcion,beneficios,errores_comunes,precauciones,tipo_ejercicio,musculos_principales,musculos_secundarios,equipamiento_necesario,nivel_recomendado,intensidad,objetivos_principales,ranking_efectividad,etiquetas,variaciones,hsl_link,direct_link,thumbnail_url,preview_url_webp,storage_video
abduccion-polea,Abducción de cadera en polea,"Coloca el tobillero en la polea baja, apóyate en la torre y eleva la pierna hacia afuera, manteniendo la cadera estable. Baja controlado. Ideal para activar glúteo medio y mejorar simetría.","[""Aísla glúteo medio"",""Mejora control neuromuscular"",""Trabajo unilateral y simétrico""]","[""Girar la pelvis"",""Usar impulso"",""No controlar el movimiento""]","[""Controla el peso"",""Mantén el core firme"",""Evita rotar la cadera""]",aislado,Glúteo medio,"[""Glúteo mayor"",""Abductores"",""Core""]","[""Polea baja"",""Tobillera""]","[""Intermedio"",""Avanzado""]",baja,hipertrofia,7,"[""gimnasio"",""piernas"",""polea"",""bajo impacto""]","[""abduccion-polea"",""caminata-lateral-disco"",""patada-gluteo-diagonal-polea""]",https://vz-cddd003b-54d.b-cdn.net/f72c4418-a01f-4a37-ae86-2ac715e4d9ee/playlist.m3u8,https://iframe.mediadelivery.net/play/458976/f72c4418-a01f-4a37-ae86-2ac715e4d9ee,https://vz-cddd003b-54d.b-cdn.net/f72c4418-a01f-4a37-ae86-2ac715e4d9ee/thumbnail.jpg,https://vz-cddd003b-54d.b-cdn.net/f72c4418-a01f-4a37-ae86-2ac715e4d9ee/preview.webp?v=1752883796,https://olympo.b-cdn.net/piernas/Abduccion-Polea.mp4
aductor-acostado-maquina,Aductor acostado en maquina,"Acuéstate boca arriba en la máquina de aductores. Coloca la espalda completamente apoyada, sujeta el asa lateral y ajusta la posición inicial de apertura según tu comodidad. Junta las piernas para liberar el seguro y cierra controladamente las piernas para que el seguro encaje nuevamente. Mantén el movimiento fluido, concentrándote en la contracción de los aductores.","[""Aislamiento preciso de los aductores"",""Mayor control y seguridad del movimiento"",""Favorece la tonificación interna del muslo""]","[""No ajustar correctamente el rango de apertura"",""Usar impulso en lugar de control muscular"",""Separar la espalda del respaldo""]","[""Ajusta bien el ángulo inicial antes de empezar"",""Mantén el abdomen firme y la espalda apoyada"",""Evita bloqueos bruscos al cerrar""]",Aislado,Aductor,"[""Glúteo medio""]","[""Máquina de aductores acostada""]","[""Principiante"",""Intermedio"",""Avanzado""]",Media,hipertrofia,8,"[""gimnasio"",""piernas"",""maquina"",""aductores""]","[""aductor-acostado-maquina""]",https://vz-cddd003b-54d.b-cdn.net/d70574c8-3edc-42ab-880d-c0a15768bb9e/playlist.m3u8,https://iframe.mediadelivery.net/play/458976/d70574c8-3edc-42ab-880d-c0a15768bb9e,https://vz-cddd003b-54d.b-cdn.net/d70574c8-3edc-42ab-880d-c0a15768bb9e/thumbnail.jpg,https://vz-cddd003b-54d.b-cdn.net/d70574c8-3edc-42ab-880d-c0a15768bb9e/preview.webp?v=1761103491,https://olympo.b-cdn.net/piernas/Aductor-Acostado-Maquina.MOV
aperturas-cuerda-inclinado,Aperturas con cuerda en banco inclinado y polea baja,"Coloca un banco inclinado frente a una estación de polea baja doble. Siéntate con la espalda apoyada y toma las cuerdas con ambas manos. Inicia con los brazos abiertos ligeramente flexionados, palmas enfrentadas. Junta los brazos al frente en forma semicircular, manteniendo tensión constante. Este ejercicio enfatiza el pectoral superior al trabajar desde una posición inclinada y permite un estiramiento profundo.","[""Enfoca el pectoral superior"",""Proporciona tensión continua"",""Mejora la amplitud y forma del pecho""]","[""Extender demasiado los codos"",""Cruzar los brazos al frente"",""Usar impulso del torso""]","[""Ajusta el ángulo del banco"",""Elige una carga moderada"",""Evita forzar el rango de movimiento""]",aislado,Pectoral mayor,"[""Deltoides anterior"",""Serrato anterior""]","[""Polea baja doble"",""Cuerdas"",""Banco inclinado""]","[""Intermedio"",""Avanzado""]",media,hipertrofia,8,"[""pecho"",""pectorales"",""gimnasio"",""poleas"",""banco inclinado""]","[""aperturas-cuerda-inclinado"",""aperturas-mancuernas-inclinado"",""aperturas-pec-deck-antebrazos""]",https://vz-cddd003b-54d.b-cdn.net/cc7d8635-f643-483e-99da-0489f98b48e4/playlist.m3u8,https://iframe.mediadelivery.net/play/458976/cc7d8635-f643-483e-99da-0489f98b48e4,https://vz-cddd003b-54d.b-cdn.net/cc7d8635-f643-483e-99da-0489f98b48e4/thumbnail.jpg,https://vz-cddd003b-54d.b-cdn.net/cc7d8635-f643-483e-99da-0489f98b48e4/preview.webp?v=1752873966,https://olympo.b-cdn.net/pecho/Aperturas-Cuerda-Inclinado.mp4
aperturas-cuerda-plano,Aperturas con cuerda en banco plano y polea baja,"Coloca un banco plano entre dos poleas bajas y recuéstate con la espalda totalmente apoyada. Sujeta una cuerda en cada mano con los brazos abiertos y ligeramente flexionados. Junta los brazos al frente del pecho en un movimiento semicircular, manteniendo la tensión constante en los cables. Este ejercicio permite trabajar el pectoral mayor con mayor rango de movimiento y control.","[""Activa el pectoral mayor de forma efectiva"",""Proporciona tensión constante"",""Mayor control que con mancuernas""]","[""Estirar completamente los codos"",""Usar impulso con el torso"",""Cruzar los brazos al frente""]","[""Ajusta la altura de las poleas"",""Controla el movimiento durante todo el rango"",""Evita pesos excesivos al comenzar""]",aislado,Pectoral mayor,"[""Deltoides anterior"",""Serrato anterior""]","[""Polea baja doble"",""Cuerdas"",""Banco plano""]","[""Intermedio"",""Avanzado""]",media,hipertrofia,8,"[""pecho"",""pectorales"",""gimnasio"",""poleas"",""banco plano""]","[""aperturas-cuerda-plano"",""aperturas-mancuernas-plano"",""aperturas-pec-deck""]",https://vz-cddd003b-54d.b-cdn.net/99243f52-8e07-4bbe-9b49-3e7365689a01/playlist.m3u8,https://iframe.mediadelivery.net/play/458976/99243f52-8e07-4bbe-9b49-3e7365689a01,https://vz-cddd003b-54d.b-cdn.net/99243f52-8e07-4bbe-9b49-3e7365689a01/thumbnail.jpg,https://vz-cddd003b-54d.b-cdn.net/99243f52-8e07-4bbe-9b49-3e7365689a01/preview.webp?v=1752874052,https://olympo.b-cdn.net/pecho/Aperturas-Cuerda-Plano.mp4
aperturas-mancuernas-declinado,Aperturas con mancuernas en banco declinado,"En banco declinado, mancuernas arriba con palmas enfrentadas. Abre los brazos en arco hacia los lados, manteniendo los codos flexionados, y junta arriba sin chocar. Excelente para la zona baja del pectoral.","[""Activa la parte inferior del pectoral"",""Mejora amplitud y flexibilidad"",""Alivia tensión en hombro comparado al press""]","[""Extender demasiado los codos"",""No controlar el movimiento"",""Usar peso excesivo""]","[""Elige peso controlado"",""Mantén postura segura"",""Evita estiramiento excesivo""]",aislado,Pectoral mayor,"[""Deltoides anterior"",""Bíceps braquial""]","[""Mancuernas"",""Banco declinado""]","[""Intermedio"",""Avanzado""]",media,hipertrofia,7,"[""gimnasio"",""pecho"",""mancuernas""]","[""aperturas-mancuernas-declinado"",""aperturas-pec-deck"",""aperturas-peck-deck-multifuerza""]",https://vz-cddd003b-54d.b-cdn.net/db6caf87-b482-4024-b068-ddc5f25bb830/playlist.m3u8,https://iframe.mediadelivery.net/play/458976/db6caf87-b482-4024-b068-ddc5f25bb830,https://vz-cddd003b-54d.b-cdn.net/db6caf87-b482-4024-b068-ddc5f25bb830/thumbnail.jpg,https://vz-cddd003b-54d.b-cdn.net/db6caf87-b482-4024-b068-ddc5f25bb830/preview.webp?v=1752874098,https://olympo.b-cdn.net/pecho/Aperturas-Mancuernas-Declinado.mp4
aperturas-mancuernas-inclinado,Aperturas con mancuernas en banco inclinado,"En banco inclinado a 30-45°, sujeta las mancuernas arriba con palmas enfrentadas. Abre los brazos hacia los lados sintiendo el estiramiento y junta arriba. Codos levemente flexionados. Enfoca en la parte superior del pecho.","[""Mayor énfasis en fibras superiores"",""Estira y congestiona el pectoral"",""Mejora movilidad y rango articular""]","[""Bajar demasiado los brazos"",""Chocar mancuernas arriba"",""Usar peso excesivo""]","[""Mantén control en el movimiento"",""Elige pesos ligeros"",""No fuerces el rango""]",aislado,Pectoral mayor,"[""Deltoides anterior"",""Bíceps braquial""]","[""Mancuernas"",""Banco inclinado""]","[""Intermedio"",""Avanzado""]",media,hipertrofia,7,"[""gimnasio"",""pecho"",""mancuernas""]","[""aperturas-mancuernas-inclinado"",""aperturas-pec-deck-antebrazos"",""aperturas-cuerda-inclinado""]",https://vz-cddd003b-54d.b-cdn.net/9d1d600b-0559-4213-85d3-2fd2da0dca71/playlist.m3u8,https://iframe.mediadelivery.net/play/458976/9d1d600b-0559-4213-85d3-2fd2da0dca71,https://vz-cddd003b-54d.b-cdn.net/9d1d600b-0559-4213-85d3-2fd2da0dca71/thumbnail_19ef410d.jpg,https://vz-cddd003b-54d.b-cdn.net/9d1d600b-0559-4213-85d3-2fd2da0dca71/preview.webp?v=1752899667,https://olympo.b-cdn.net/pecho/Apertura-Mancuernas-Inclinado.mp4
aperturas-mancuernas-plano,Aperturas con mancuernas en banco plano,"Acuéstate en banco plano con mancuernas, brazos casi extendidos, palmas enfrentadas. Abre los brazos en arco, sintiendo el estiramiento del pecho, y junta arriba sin chocar. Mantén codos ligeramente flexionados. Gran ejercicio para estirar y activar el pectoral mayor.","[""Estira y activa fibras del pectoral mayor"",""Mejora la amplitud y forma del pecho"",""Aumenta la movilidad de hombro""]","[""Extender brazos en exceso"",""Usar pesos muy altos"",""No controlar la bajada""]","[""Usa peso ligero"",""Controla el rango de movimiento"",""No bajes más de lo cómodo""]",aislado,Pectoral mayor,"[""Deltoides anterior"",""Bíceps braquial""]","[""Mancuernas"",""Banco plano""]","[""Principiante"",""Intermedio"",""Avanzado""]",media,hipertrofia,8,"[""gimnasio"",""pecho"",""mancuernas""]","[""aperturas-mancuernas-plano"",""aperturas-pec-deck"",""aperturas-cuerda-plano""]",https://vz-cddd003b-54d.b-cdn.net/6a942a6d-7a28-4af6-9477-b2e52ffec89b/playlist.m3u8,https://iframe.mediadelivery.net/play/458976/6a942a6d-7a28-4af6-9477-b2e52ffec89b,https://vz-cddd003b-54d.b-cdn.net/6a942a6d-7a28-4af6-9477-b2e52ffec89b/thumbnail.jpg,https://vz-cddd003b-54d.b-cdn.net/6a942a6d-7a28-4af6-9477-b2e52ffec89b/preview.webp?v=1752874145,https://olympo.b-cdn.net/pecho/Aperturas-Mancuernas-Plano.mp4
aperturas-pec-deck,Aperturas en peck deck,"Siéntate en la máquina pec deck, ajusta el asiento para alinear los agarres con el pecho. Lleva los agarres al frente, brazos casi extendidos, junta los brazos controladamente. Ideal para congestión y aislamiento del pectoral.","[""Aísla el pectoral mayor"",""Permite ajuste de carga y seguridad"",""Mejora bombeo y amplitud de pecho""]","[""No ajustar la máquina"",""Usar impulso"",""Rango incompleto""]","[""Ajusta la máquina"",""Peso moderado"",""Control en todo el rango""]",aislado,Pectoral mayor,"[""Deltoides anterior"",""Bíceps braquial""]","[""Pec Deck""]","[""Principiante"",""Intermedio"",""Avanzado""]",media,hipertrofia,8,"[""gimnasio"",""pecho"",""maquina""]","[""aperturas-pec-deck"",""aperturas-mancuernas-plano"",""aperturas-mancuernas-declinado""]",https://vz-cddd003b-54d.b-cdn.net/69bbfa6d-1f3a-46a8-bc52-ab1dc3b666be/playlist.m3u8,https://iframe.mediadelivery.net/play/458976/69bbfa6d-1f3a-46a8-bc52-ab1dc3b666be,https://vz-cddd003b-54d.b-cdn.net/69bbfa6d-1f3a-46a8-bc52-ab1dc3b666be/thumbnail.jpg,https://vz-cddd003b-54d.b-cdn.net/69bbfa6d-1f3a-46a8-bc52-ab1dc3b666be/preview.webp?v=1752874185,https://olympo.b-cdn.net/pecho/Aperturas-Peck-Deck.mp4
aperturas-pec-deck-antebrazos,Aperturas en Pec Deck con agarre de antebrazos,"Siéntate en la máquina Pec Deck con almohadillas para los antebrazos. Ajusta el asiento de manera que los codos queden alineados a los lados del pecho, no hacia abajo. Apoya los antebrazos sobre las almohadillas y junta los brazos al frente en un movimiento semicircular. Este agarre permite un enfoque aún más directo en el pectoral mayor, reduciendo la intervención de brazos y hombros.","[""Mayor aislamiento del pectoral mayor"",""Reduce intervención del bíceps"",""Permite congestión controlada con menos carga""]","[""No alinear los codos correctamente"",""Cerrar con impulso"",""Perder la tensión al final del movimiento""]","[""Ajusta bien las almohadillas"",""Evita rebotes"",""Controla el retorno del movimiento""]",aislado,Pectoral mayor,"[""Deltoides anterior""]","[""Pec Deck con almohadillas de antebrazo""]","[""Principiante"",""Intermedio"",""Avanzado""]",media,hipertrofia,8,"[""gimnasio"",""pecho"",""maquina""]","[""aperturas-pec-deck-antebrazos"",""aperturas-pec-deck"",""aperturas-peck-deck-multifuerza""]",https://vz-cddd003b-54d.b-cdn.net/39e1968f-5b48-494a-a2dd-8ceed00b9e12/playlist.m3u8,https://iframe.mediadelivery.net/play/458976/39e1968f-5b48-494a-a2dd-8ceed00b9e12,https://vz-cddd003b-54d.b-cdn.net/39e1968f-5b48-494a-a2dd-8ceed00b9e12/thumbnail.jpg,https://vz-cddd003b-54d.b-cdn.net/39e1968f-5b48-494a-a2dd-8ceed00b9e12/preview.webp?v=1752874249,https://olympo.b-cdn.net/pecho/Aperturas-Peck-Deck-Antebrazos.mp4
aperturas-peck-deck-multifuerza,Aperturas en Pec Deck en máquina multifuerza,"Siéntate en la máquina multifuerza con agarres dobles y ajusta el respaldo para que los codos queden alineados con el pecho. Usa los brazos con agarre horizontal, apoyando los antebrazos o sujetando las palancas según el diseño. Junta los brazos al frente en un movimiento semicircular, manteniendo los codos ligeramente flexionados. Esta máquina permite trabajar el pectoral mayor con buena estabilidad y también puede ser usada en reversa para espalda.","[""Permite trabajar pecho y espalda posterior"",""Buena estabilidad articular"",""Fácil de ajustar para distintos usuarios""]","[""Cerrar con impulso"",""No alinear los codos con el pecho"",""Acortar el rango de movimiento""]","[""Ajusta correctamente la máquina"",""Mantén control en todo el recorrido"",""Evita sobreextender los brazos""]",aislado,Pectoral mayor,"[""Deltoides anterior"",""Serrato anterior""]","[""Máquina multifuerza"",""Pec Deck""]","[""Principiante"",""Intermedio"",""Avanzado""]",media,hipertrofia,7,"[""pecho"",""gimnasio"",""pec deck"",""multifuerza""]","[""aperturas-peck-deck-multifuerza"",""aperturas-pec-deck"",""aperturas-pec-deck-antebrazos""]",https://vz-cddd003b-54d.b-cdn.net/8ddcacc1-1c6d-48ea-8f98-c5b3e466184b/playlist.m3u8,https://iframe.mediadelivery.net/play/458976/8ddcacc1-1c6d-48ea-8f98-c5b3e466184b,https://vz-cddd003b-54d.b-cdn.net/8ddcacc1-1c6d-48ea-8f98-c5b3e466184b/thumbnail.jpg,https://vz-cddd003b-54d.b-cdn.net/8ddcacc1-1c6d-48ea-8f98-c5b3e466184b/preview.webp?v=1761154468,https://olympo.b-cdn.net/pecho/Aperturas-Peck-Deck-Multifuerza.MOV
belt-squat,Belt squat en maquina,"Coloca el cinturón en la máquina específica, párate sobre la plataforma y baja en sentadilla profunda mientras el peso cuelga de la cadera. Ideal para sobrecargar las piernas minimizando estrés en la espalda. Excelente para hipertrofia y rehabilitación.","[""Aumenta carga en piernas sin afectar lumbar"",""Ideal para personas con molestias de espalda"",""Permite progresión en fuerza y volumen""]","[""Inclinar el torso"",""Pies mal posicionados"",""No bajar lo suficiente""]","[""Asegura el cinturón correctamente"",""Controla el recorrido"",""Evita rebotes al subir""]",compuesto,Cuádriceps,"[""Glúteos"",""Isquiotibiales"",""Core""]","[""Máquina Belt Squat"",""Cinturón""]","[""Intermedio"",""Avanzado""]",media,hipertrofia,8,"[""gimnasio"",""piernas"",""maquina""]","[""belt-squat"",""prensa-pierna"",""sentadilla-maquina""]",https://vz-cddd003b-54d.b-cdn.net/74005ccb-df6a-4303-a990-28449fcbc36e/playlist.m3u8,https://iframe.mediadelivery.net/play/458976/74005ccb-df6a-4303-a990-28449fcbc36e,https://vz-cddd003b-54d.b-cdn.net/74005ccb-df6a-4303-a990-28449fcbc36e/thumbnail.jpg,https://vz-cddd003b-54d.b-cdn.net/74005ccb-df6a-4303-a990-28449fcbc36e/preview.webp?v=1761111800,https://olympo.b-cdn.net/piernas/Belt-Squat.MOV
caminata-lateral-disco,Caminata lateral con disco,"Coloca un disco apoyado en el pecho o sostenido frente al cuerpo. Mantén una ligera flexión de rodillas, espalda recta y el core activado. Da pasos laterales amplios manteniendo la tensión muscular, avanzando en una dirección y luego en la otra. Es ideal para activar glúteos y fortalecer abductores.","[""Activa glúteos y abductores"",""Mejora estabilidad lateral"",""Aumenta control del core y tren inferior""]","[""Juntar demasiado los pies"",""Perder la postura erguida"",""Impulsarse con el torso""]","[""Mantén la tensión en piernas y glúteos"",""Evita pasos muy cortos"",""No arquees la espalda""]",funcional,Glúteos,"[""Abductores"",""Cuádriceps"",""Core""]","[""Disco"",""Peso corporal""]","[""Intermedio"",""Avanzado""]",media,hipertrofia,7,"[""glúteos"",""piernas"",""funcional"",""gimnasio""]","[""caminata-lateral-disco"",""abduccion-polea"",""patada-gluteo-diagonal-polea""]",https://vz-cddd003b-54d.b-cdn.net/1c058499-5345-40c3-b183-7182c588a3f2/playlist.m3u8,https://iframe.mediadelivery.net/play/458976/1c058499-5345-40c3-b183-7182c588a3f2,https://vz-cddd003b-54d.b-cdn.net/1c058499-5345-40c3-b183-7182c588a3f2/thumbnail.jpg,https://vz-cddd003b-54d.b-cdn.net/1c058499-5345-40c3-b183-7182c588a3f2/preview.webp?v=1752891657,https://olympo.b-cdn.net/piernas/Caminata-Lateral-Disco.mp4
cruce-cables-alto-a-bajo,High to Low Cable Crossover (Lower Chest),"Frente a dos poleas altas, toma las manijas y lleva los brazos en diagonal hacia abajo, juntando manos al nivel de la cadera. Mantén codos semiflexionados y controla la vuelta. Ideal para fibras inferiores.","[""Aísla fibras inferiores"",""Permite máxima contracción y congestión"",""Tensión constante en todo el rango""]","[""No controlar la bajada"",""Cruzar manos en exceso"",""Codos bloqueados""]","[""Peso moderado"",""Control de postura"",""Rango completo sin impulso""]",aislado,Pectoral mayor,"[""Deltoides anterior"",""Bíceps braquial""]","[""Polea alta""]","[""Intermedio"",""Avanzado""]",media,hipertrofia,7,"[""gimnasio"",""pecho"",""polea""]","[""cruce-cables-alto-a-bajo"",""cruce-cables-pecho-medio"",""cruce-cables-pecho-alto""]",https://vz-cddd003b-54d.b-cdn.net/3552bcbc-10aa-44ed-b66e-8e3837aea8fe/playlist.m3u8,https://iframe.mediadelivery.net/play/458976/3552bcbc-10aa-44ed-b66e-8e3837aea8fe,https://vz-cddd003b-54d.b-cdn.net/3552bcbc-10aa-44ed-b66e-8e3837aea8fe/thumbnail.jpg,https://vz-cddd003b-54d.b-cdn.net/3552bcbc-10aa-44ed-b66e-8e3837aea8fe/preview.webp?v=1752874335,https://olympo.b-cdn.net/pecho/Cruce-Cables-Alto-A-Bajo.mp4
cruce-cables-bajo-a-alto,Low to High Cable Crossover (Clavicular Focus),"Coloca las poleas en posición baja, toma las manijas y eleva los brazos en diagonal hacia arriba, juntando frente al pecho. Mantén codos semiflexionados y controla el regreso. Enfoca en la parte clavicular.","[""Activa fibras superiores del pectoral"",""Permite gran estiramiento"",""Varía el ángulo del estímulo""]","[""Usar peso muy alto"",""Codos totalmente rectos"",""No controlar la vuelta""]","[""Mantén postura erguida"",""Controla el recorrido"",""No uses impulso""]",aislado,Pectoral mayor,"[""Deltoides anterior"",""Bíceps braquial""]","[""Polea baja""]","[""Intermedio"",""Avanzado""]",media,hipertrofia,7,"[""gimnasio"",""pecho"",""polea""]","[""cruce-cables-bajo-a-alto"",""cruce-cables-pecho-alto"",""cruce-cables-pecho-medio""]",https://vz-cddd003b-54d.b-cdn.net/b1254e1f-5032-4e45-a6e6-63cfa9967864/playlist.m3u8,https://iframe.mediadelivery.net/play/458976/b1254e1f-5032-4e45-a6e6-63cfa9967864,https://vz-cddd003b-54d.b-cdn.net/b1254e1f-5032-4e45-a6e6-63cfa9967864/thumbnail.jpg,https://vz-cddd003b-54d.b-cdn.net/b1254e1f-5032-4e45-a6e6-63cfa9967864/preview.webp?v=1761155093,https://olympo.b-cdn.net/pecho/Cruce-Cables-Bajo-A-Alto.MOV
cruce-cables-pecho-alto,High Cable Fly (Crossover),"De pie entre poleas altas, toma las manijas y cruza los brazos ligeramente al frente a la altura del pecho. Mantén codos flexionados, controla el estiramiento y la vuelta. Permite tensión constante y gran bombeo.","[""Estiramiento activo y contracción máxima"",""Tensión constante en todo el rango"",""Permite variar el ángulo de trabajo""]","[""Usar impulso"",""Extender codos en exceso"",""Cruzar demasiado las manos""]","[""Peso ligero/moderado"",""Pies estables"",""Controla la bajada""]",aislado,Pectoral mayor,"[""Deltoides anterior"",""Bíceps braquial""]","[""Polea alta""]","[""Intermedio"",""Avanzado""]",media,hipertrofia,8,"[""gimnasio"",""pecho"",""polea""]","[""cruce-cables-pecho-alto"",""cruce-cables-bajo-a-alto"",""cruce-cables-medio""]",https://vz-cddd003b-54d.b-cdn.net/e7b0ac75-135b-47ce-9d4e-ddc5bd89e97e/playlist.m3u8,https://iframe.mediadelivery.net/play/458976/e7b0ac75-135b-47ce-9d4e-ddc5bd89e97e,https://vz-cddd003b-54d.b-cdn.net/e7b0ac75-135b-47ce-9d4e-ddc5bd89e97e/thumbnail_c6e37a8a.jpg,https://vz-cddd003b-54d.b-cdn.net/e7b0ac75-135b-47ce-9d4e-ddc5bd89e97e/preview.webp?v=1752874403,https://olympo.b-cdn.net/pecho/Cruce-Cables-Pecho-Alto.mp4
cruce-cables-pecho-medio,Standing Cable Crossover (Mid/Low Focus),"De pie entre poleas altas, sujeta las manijas y cruza los brazos al frente a la altura del pecho o ligeramente abajo, manteniendo codos semiflexionados. Controla la vuelta. Ideal para congestión de fibras medias y bajas.","[""Foco en fibras medias/bajas"",""Gran congestión de pecho"",""Tensión continua en el músculo""]","[""Cruzar demasiado las manos"",""No controlar el regreso"",""Codos bloqueados""]","[""Controla postura y rango"",""Peso moderado"",""No uses impulso""]",aislado,Pectoral mayor,"[""Deltoides anterior"",""Bíceps braquial""]","[""Polea alta""]","[""Intermedio"",""Avanzado""]",media,hipertrofia,8,"[""gimnasio"",""pecho"",""polea""]","[""cruce-cables-pecho-medio"",""cruce-cables-alto-a-bajo"",""cruce-cables-pecho-alto""]",https://vz-cddd003b-54d.b-cdn.net/ea77cf15-b561-4e8b-91c1-664f1a3e8745/playlist.m3u8,https://iframe.mediadelivery.net/play/458976/ea77cf15-b561-4e8b-91c1-664f1a3e8745,https://vz-cddd003b-54d.b-cdn.net/ea77cf15-b561-4e8b-91c1-664f1a3e8745/thumbnail_f7f5a7c3.jpg,https://vz-cddd003b-54d.b-cdn.net/ea77cf15-b561-4e8b-91c1-664f1a3e8745/preview.webp?v=1761153972,https://olympo.b-cdn.net/pecho/Cruce-Cables-Pecho-Medio.mp4
curl-arana-polea,Curl tipo araña en polea,"Acostado boca abajo sobre un banco inclinado, sostiene una barra conectada a la polea baja con las palmas hacia arriba y los brazos colgando perpendiculares al suelo. Flexiona los codos para llevar la barra hacia el pecho, manteniendo los codos apuntando al suelo. Gran aislamiento de bíceps y mínimo impulso.","[""Excelente aislamiento del bíceps"",""Tensión continua ideal para el pico del bíceps"",""Reduce tensión en la espalda baja""]","[""Mover los codos o parte superior de los brazos"",""Usar impulso del torso"",""No completar el rango de movimiento""]","[""Asegura el apoyo del pecho"",""Usa un peso adecuado"",""Controla el movimiento en todo momento""]",aislado,Bíceps braquial,"[""Braquial""]","[""Máquina de polea"",""Barra recta o Z"",""Banco inclinado""]","[""Intermedio"",""Avanzado""]",media,hipertrofia,9,"[""gimnasio"",""brazos""]","[""curl-polea-barra"",""curl-polea-cuerda"",""curl-biceps-banco-inclinado""]",https://vz-cddd003b-54d.b-cdn.net/ac0fd2eb-9cdf-4c4f-bbb8-6df436cfecdc/playlist.m3u8,https://iframe.mediadelivery.net/play/458976/ac0fd2eb-9cdf-4c4f-bbb8-6df436cfecdc,https://vz-cddd003b-54d.b-cdn.net/ac0fd2eb-9cdf-4c4f-bbb8-6df436cfecdc/thumbnail.jpg,https://vz-cddd003b-54d.b-cdn.net/ac0fd2eb-9cdf-4c4f-bbb8-6df436cfecdc/preview.webp?v=1753314454,https://olympo.b-cdn.net/brazos/Curl-Arana-Polea.mp4
curl-arrastre-barra,Curl de arrastre con barra,"De pie, espalda recta, sujeta la barra con palmas hacia arriba al ancho de los hombros, mantén la barra en contacto con el cuerpo al subir, llevando los codos hacia atrás. Excelente para el pico del bíceps y para aislar la cabeza larga.","[""Aumenta el grosor y pico del bíceps"",""Aísla el bíceps largo y el braquial"",""Reduce implicación del deltoides anterior""]","[""Alejar la barra del cuerpo"",""No llevar los codos hacia atrás"",""Usar demasiado peso y encorvarse""]","[""Empieza con poco peso"",""Mantén la barra pegada al cuerpo"",""Cuida la postura""]",aislado,Bíceps braquial,"[""Braquial"",""Deltoides posterior"",""Trapecio"",""Antebrazo""]","[""Barra recta o Z"",""Discos de peso""]","[""Intermedio"",""Avanzado""]",media,hipertrofia,8,"[""gimnasio"",""brazos""]","[""curl-biceps-barra-recta"",""curl-biceps-barra-z"",""curl-arrastre-mancuernas""]",https://vz-cddd003b-54d.b-cdn.net/d1b84b5b-8155-48a1-8656-afade1be3f59/playlist.m3u8,https://iframe.mediadelivery.net/play/458976/d1b84b5b-8155-48a1-8656-afade1be3f59,https://vz-cddd003b-54d.b-cdn.net/d1b84b5b-8155-48a1-8656-afade1be3f59/thumbnail.jpg,https://vz-cddd003b-54d.b-cdn.net/d1b84b5b-8155-48a1-8656-afade1be3f59/preview.webp?v=1752878350,https://olympo.b-cdn.net/brazos/Curl-Arrastre-Barra.mp4
curl-arrastre-mancuernas,Curl de arrastre con mancuernas,"De pie, con la espalda recta, sostiene una mancuerna en cada mano con palmas hacia adelante o neutras. Eleva las mancuernas 'arrastrándolas' pegadas al torso y llevando los codos hacia atrás, sin separar las mancuernas del cuerpo. Baja lentamente y repite. Ideal para una fuerte contracción del bíceps y un movimiento natural de las muñecas.","[""Gran aislamiento de bíceps y braquial"",""Mejor contracción máxima y pico del bíceps"",""Permite trabajo unilateral y más cómodo para hombros""]","[""Separar las mancuernas del cuerpo"",""No llevar los codos hacia atrás"",""Usar impulso o balanceo""]","[""Empieza con poco peso para dominar la técnica"",""Mantén las mancuernas cerca del cuerpo"",""Cuida la postura y el core activo""]",aislado,Bíceps braquial,"[""Braquial"",""Deltoides posterior"",""Trapecio"",""Antebrazo""]","[""Mancuernas""]","[""Intermedio"",""Avanzado""]",media,hipertrofia,8,"[""gimnasio"",""brazos""]","[""curl-arrastre-barra"",""curl-biceps-banco-inclinado"",""curl-biceps-simultaneo""]",https://vz-cddd003b-54d.b-cdn.net/e1c74205-726b-4c9f-89ed-2b0e1b436260/playlist.m3u8,https://iframe.mediadelivery.net/play/458976/e1c74205-726b-4c9f-89ed-2b0e1b436260,https://vz-cddd003b-54d.b-cdn.net/e1c74205-726b-4c9f-89ed-2b0e1b436260/thumbnail.jpg,https://vz-cddd003b-54d.b-cdn.net/e1c74205-726b-4c9f-89ed-2b0e1b436260/preview.webp?v=1752879821,https://olympo.b-cdn.net/brazos/Curl-Arrastre-Mancuernas.mp4
curl-biceps-alternado,Curl de bíceps alternado,"De pie o sentado, sujeta una mancuerna en cada mano. Eleva una mancuerna hacia el hombro girando la palma hacia arriba, manteniendo el codo pegado al torso. Alterna brazos. Ayuda a corregir desequilibrios y maximizar la contracción de cada bíceps.","[""Mejora conexión mente-músculo"",""Corrige desequilibrios de fuerza"",""Aumenta activación del bíceps por supinación""]","[""Balanceo excesivo del cuerpo"",""Codos se mueven hacia adelante"",""Descenso rápido sin control""]","[""Controla el movimiento"",""Mantén codos fijos"",""Evita balanceo excesivo""]",aislado,Bíceps braquial,"[""Braquial"",""Braquiorradial"",""Deltoides anterior"",""Antebrazo""]","[""Mancuernas""]","[""Principiante"",""Intermedio"",""Avanzado""]",media,hipertrofia,9,"[""gimnasio"",""casa"",""brazos""]","[""curl-biceps-simultaneo"",""curl-biceps-martillo"",""curl-concentrado""]",https://vz-cddd003b-54d.b-cdn.net/b7da9447-7240-4b20-8090-af59f95c429f/playlist.m3u8,https://iframe.mediadelivery.net/play/458976/b7da9447-7240-4b20-8090-af59f95c429f,https://vz-cddd003b-54d.b-cdn.net/b7da9447-7240-4b20-8090-af59f95c429f/thumbnail.jpg,https://vz-cddd003b-54d.b-cdn.net/b7da9447-7240-4b20-8090-af59f95c429f/preview.webp?v=1752880264,https://olympo.b-cdn.net/brazos/Curl-Biceps-Alternado.mp4
curl-biceps-banco-inclinado,Curl de bíceps en banco inclinado,"Sentado en un banco inclinado a 45-60°, sujeta una mancuerna en cada mano y deja que los brazos cuelguen hacia abajo. Eleva las mancuernas hacia los hombros girando las palmas hacia arriba, manteniendo los codos fijos y la espalda apoyada.","[""Mayor estiramiento y activación de la cabeza larga"",""Mejor aislamiento y contracción"",""Favorece el desarrollo del pico del bíceps""]","[""Mover los codos hacia adelante"",""No controlar la bajada"",""Acortar el rango de movimiento""]","[""Mantén la técnica estricta"",""No fuerces la extensión del codo"",""Ajusta el banco y revisa la postura""]",aislado,Bíceps braquial,"[""Braquial"",""Braquiorradial"",""Deltoides anterior""]","[""Banco inclinado"",""Mancuernas""]","[""Intermedio"",""Avanzado""]",media,hipertrofia,9,"[""gimnasio"",""brazos""]","[""curl-biceps-banco-scott"",""curl-biceps-barra-recta"",""curl-concentrado""]",https://vz-cddd003b-54d.b-cdn.net/0c538139-5317-468e-9c3e-a67df22396dc/playlist.m3u8,https://iframe.mediadelivery.net/play/458976/0c538139-5317-468e-9c3e-a67df22396dc,https://vz-cddd003b-54d.b-cdn.net/0c538139-5317-468e-9c3e-a67df22396dc/thumbnail.jpg,https://vz-cddd003b-54d.b-cdn.net/0c538139-5317-468e-9c3e-a67df22396dc/preview.webp?v=1752881262,https://olympo.b-cdn.net/brazos/Curl-Biceps-Banco-Inclinado.mp4
curl-biceps-banco-scott,Curl de bíceps en banco Scott,"Sentado en banco Scott, apoya los brazos en la almohadilla, sujeta la barra con palmas hacia arriba. Eleva la barra flexionando los codos y controla la bajada para aislar los bíceps, evitando usar impulso. Excelente para el pico del bíceps.","[""Aislamiento superior del bíceps"",""Énfasis en la cabeza corta y el braquial"",""Mejora conexión mente-músculo""]","[""Levantar los codos de la almohadilla"",""No extender los brazos al bajar"",""Movimiento rápido sin control""]","[""No uses peso excesivo"",""Controla la bajada"",""Ajusta el banco a tu altura""]",aislado,Bíceps braquial,"[""Braquial"",""Braquiorradial""]","[""Banco Scott"",""Barra recta o Z"",""Discos de peso""]","[""Principiante"",""Intermedio"",""Avanzado""]",media,hipertrofia,9,"[""gimnasio"",""brazos""]","[""curl-biceps-barra-recta"",""curl-biceps-barra-z"",""curl-biceps-banco-inclinado""]",https://vz-cddd003b-54d.b-cdn.net/e2cab112-f138-40ac-8c7a-f347577e1184/playlist.m3u8,https://iframe.mediadelivery.net/play/458976/e2cab112-f138-40ac-8c7a-f347577e1184,https://vz-cddd003b-54d.b-cdn.net/e2cab112-f138-40ac-8c7a-f347577e1184/thumbnail.jpg,https://vz-cddd003b-54d.b-cdn.net/e2cab112-f138-40ac-8c7a-f347577e1184/preview.webp?v=1752882277,https://olympo.b-cdn.net/brazos/D3b815f4-A6f5-44Fd-Bf9e-95085Bcf0941.mp4
curl-biceps-banco-scott-maquina,Curl de bíceps en banco Scott (máquina),"Sentado en la máquina Scott, ajusta la altura del asiento para que los brazos queden cómodos en la almohadilla. Sujeta las agarraderas con palmas hacia arriba y apoya los brazos firmemente. Flexiona los codos para elevar las agarraderas hacia los hombros y baja de forma controlada sin despegar los brazos del soporte. Concéntrate en el aislamiento y control del bíceps.","[""Aislamiento extremo del bíceps"",""Reduce el estrés en la espalda baja"",""Permite gran conexión mente-músculo""]","[""Ajuste incorrecto de la máquina"",""Levantar los codos o los hombros de la almohadilla"",""Rango de movimiento incompleto o rápido""]","[""Ajusta la máquina a tu medida"",""Evita cargas excesivas que comprometan la técnica"",""Controla la bajada del peso""]",aislado,Bíceps braquial,"[""Braquial""]","[""Máquina Scott""]","[""Principiante"",""Intermedio"",""Avanzado""]",media,hipertrofia,8,"[""gimnasio"",""brazos""]","[""curl-biceps-banco-scott"",""curl-maquina-especifica"",""curl-polea-barra""]",https://vz-cddd003b-54d.b-cdn.net/e1a72e05-c29b-43a5-85c0-dd82a4bcac58/playlist.m3u8,https://iframe.mediadelivery.net/play/458976/e1a72e05-c29b-43a5-85c0-dd82a4bcac58,https://vz-cddd003b-54d.b-cdn.net/e1a72e05-c29b-43a5-85c0-dd82a4bcac58/thumbnail.jpg,https://vz-cddd003b-54d.b-cdn.net/e1a72e05-c29b-43a5-85c0-dd82a4bcac58/preview.webp?v=1752881181,https://olympo.b-cdn.net/brazos/Curl-Biceps-Banco-Scott-Maquina.mp4
curl-biceps-barra-recta,Curl de bíceps con barra recta,"De pie, con los pies separados al ancho de los hombros y el core activado, sostiene una barra recta con las palmas hacia arriba y los brazos extendidos. Flexiona los codos para elevar la barra hacia los hombros, manteniendo los codos pegados al torso y evitando el impulso del cuerpo. Controla la bajada y la subida para maximizar el trabajo del bíceps, manteniendo la espalda recta. Respira exhalando al subir e inhalando al bajar.","[""Desarrolla masa y fuerza del bíceps"",""Permite usar cargas progresivas"",""Mejora fuerza de agarre""]","[""Balancear el cuerpo para levantar la barra"",""Separar los codos del torso"",""No completar el rango de movimiento""]","[""Mantén los codos fijos al torso"",""Evita cargas excesivas"",""Si sientes dolor en muñecas usa barra Z o mancuernas""]",aislado,Bíceps braquial,"[""Braquial"",""Braquiorradial"",""Deltoides anterior"",""Antebrazo""]","[""Barra recta"",""Discos de peso""]","[""Principiante"",""Intermedio"",""Avanzado""]",media,hipertrofia,9,"[""gimnasio"",""barra"",""brazos""]","[""curl-biceps-barra-z"",""curl-arrastre-barra"",""curl-polea-barra""]",https://vz-cddd003b-54d.b-cdn.net/391c88b8-997e-482e-b116-bbc4da1f2f64/playlist.m3u8,https://iframe.mediadelivery.net/play/458976/391c88b8-997e-482e-b116-bbc4da1f2f64,https://vz-cddd003b-54d.b-cdn.net/391c88b8-997e-482e-b116-bbc4da1f2f64/thumbnail.jpg,https://vz-cddd003b-54d.b-cdn.net/391c88b8-997e-482e-b116-bbc4da1f2f64/preview.webp?v=1752880654,https://olympo.b-cdn.net/brazos/Curl-Biceps-Barra-Recta.mp4
curl-biceps-barra-z,Curl de bíceps con barra Z,"De pie, espalda recta, core activado, sujeta una barra Z con las palmas hacia arriba en las secciones anguladas. Flexiona los codos para elevar la barra hacia los hombros, manteniendo los codos pegados al torso y evitando el impulso. Controla el ascenso y el descenso para proteger muñecas y codos.","[""Desarrolla masa y fuerza del bíceps y braquial"",""Reduce molestias en muñecas/codos"",""Permite cargas progresivas""]","[""Usar el impulso del cuerpo"",""Separar los codos del torso"",""No completar el rango de movimiento""]","[""Mantén los codos fijos al torso"",""Evita balancear el cuerpo"",""Elige un peso adecuado""]",aislado,Bíceps braquial,"[""Braquial"",""Braquiorradial"",""Deltoides anterior"",""Antebrazo""]","[""Barra Z"",""Discos de peso""]","[""Principiante"",""Intermedio"",""Avanzado""]",media,hipertrofia,9,"[""gimnasio"",""barra"",""brazos""]","[""curl-biceps-barra-recta"",""curl-arrastre-barra"",""curl-polea-barra""]",https://vz-cddd003b-54d.b-cdn.net/cdcdeb8b-6fbe-42bf-924d-c620a441ca6e/playlist.m3u8,https://iframe.mediadelivery.net/play/458976/cdcdeb8b-6fbe-42bf-924d-c620a441ca6e,https://vz-cddd003b-54d.b-cdn.net/cdcdeb8b-6fbe-42bf-924d-c620a441ca6e/thumbnail.jpg,https://vz-cddd003b-54d.b-cdn.net/cdcdeb8b-6fbe-42bf-924d-c620a441ca6e/preview.webp?v=1752880709,https://olympo.b-cdn.net/brazos/Curl-Biceps-Barra-Z.mp4
curl-biceps-martillo,Curl de bíceps tipo martillo,"De pie o sentado, sujeta una mancuerna en cada mano con palmas enfrentadas (agarre neutro). Flexiona los codos para elevar las mancuernas hacia los hombros, manteniendo los codos pegados al torso. Enfocado en el braquial y antebrazo.","[""Desarrolla el braquial para brazos más gruesos"",""Fortalece el antebrazo y agarre"",""Suele ser cómodo para las muñecas""]","[""Convertir el agarre en supino"",""Balanceo del cuerpo"",""Codos se abren o se adelantan""]","[""Mantén el agarre neutro"",""Controla el peso en todo el rango"",""No uses peso excesivo""]",aislado,Bíceps braquial,"[""Braquiorradial"",""Bíceps braquial"",""Antebrazo""]","[""Mancuernas""]","[""Principiante"",""Intermedio"",""Avanzado""]",media,hipertrofia,9,"[""gimnasio"",""casa"",""brazos""]","[""curl-biceps-alternado"",""curl-biceps-simultaneo"",""curl-biceps-banco-inclinado""]",https://vz-cddd003b-54d.b-cdn.net/f5878703-9662-48ea-aadd-c86093305f16/playlist.m3u8,https://iframe.mediadelivery.net/play/458976/f5878703-9662-48ea-aadd-c86093305f16,https://vz-cddd003b-54d.b-cdn.net/f5878703-9662-48ea-aadd-c86093305f16/thumbnail.jpg,https://vz-cddd003b-54d.b-cdn.net/f5878703-9662-48ea-aadd-c86093305f16/preview.webp?v=1752881305,https://olympo.b-cdn.net/brazos/Curl-Biceps-Martillo.mp4
curl-biceps-simultaneo,Curl de bíceps en simultáneo,"De pie o sentado, sujeta una mancuerna en cada mano y eleva ambas simultáneamente girando las palmas hacia arriba. Mantén los codos pegados al torso y controla el movimiento en ambas direcciones.","[""Ahorra tiempo y trabaja ambos brazos a la vez"",""Desarrolla fuerza equilibrada"",""Alta activación del bíceps""]","[""Balanceo del cuerpo"",""Codos se mueven hacia adelante"",""Rango de movimiento incompleto o bajada rápida""]","[""Mantén la espalda recta"",""Controla el movimiento"",""Usa un peso manejable""]",aislado,Bíceps braquial,"[""Braquial"",""Braquiorradial"",""Deltoides anterior"",""Antebrazo""]","[""Mancuernas""]","[""Principiante"",""Intermedio"",""Avanzado""]",media,hipertrofia,8,"[""gimnasio"",""casa"",""brazos""]","[""curl-biceps-alternado"",""curl-biceps-martillo"",""curl-camarero""]",https://vz-cddd003b-54d.b-cdn.net/a2d6c8af-1c9d-4bc3-a925-1987602c1251/playlist.m3u8,https://iframe.mediadelivery.net/play/458976/93871a1a-2202-487e-b72b-971f3a1f95f6,https://vz-cddd003b-54d.b-cdn.net/93871a1a-2202-487e-b72b-971f3a1f95f6/thumbnail.jpg,https://vz-cddd003b-54d.b-cdn.net/93871a1a-2202-487e-b72b-971f3a1f95f6/preview.webp?v=1752881816,https://olympo.b-cdn.net/brazos/Curl-Biceps-Simultaneo.mp4
curl-biceps-smith,Curl de bíceps con barra en máquina Smith,"De pie frente a la máquina Smith, sujeta la barra con palmas hacia arriba al ancho de los hombros. Flexiona los codos para subir la barra hacia los hombros, manteniendo los codos cerca del torso y la espalda recta. La máquina guía el movimiento, ideal para aprender la técnica o aislar el bíceps.","[""Permite concentrarse en la contracción"",""Seguro para principiantes"",""Variación si no hay barras libres""]","[""Posicionamiento incorrecto frente a la barra"",""Usar impulso"",""Movimiento rápido sin control""]","[""Ajusta la postura para que el movimiento sea natural"",""No confíes solo en la máquina"",""Engancha la barra con seguridad""]",aislado,Bíceps braquial,"[""Braquial"",""Braquiorradial""]","[""Máquina Smith"",""Banco Scott (opcional)""]","[""Principiante"",""Intermedio"",""Avanzado""]",media,hipertrofia,7,"[""gimnasio"",""brazos""]","[""curl-biceps-barra-recta"",""curl-biceps-barra-z"",""curl-biceps-banco-scott""]",https://vz-cddd003b-54d.b-cdn.net/e9a7b53b-c70f-42ba-8ed6-a5ce6f094f36/playlist.m3u8,https://iframe.mediadelivery.net/play/458976/e9a7b53b-c70f-42ba-8ed6-a5ce6f094f36,https://vz-cddd003b-54d.b-cdn.net/e9a7b53b-c70f-42ba-8ed6-a5ce6f094f36/thumbnail.jpg,https://vz-cddd003b-54d.b-cdn.net/e9a7b53b-c70f-42ba-8ed6-a5ce6f094f36/preview.webp?v=1752881859,https://olympo.b-cdn.net/brazos/Curl-Biceps-Smith.mp4
curl-camarero,Curl del camarero,"De pie o sentado, sostiene una mancuerna con ambas manos por el extremo, palmas hacia arriba como si sostuvieras una bandeja. Flexiona los codos para elevar la mancuerna hacia el pecho o barbilla, manteniendo las palmas hacia arriba y las muñecas estables. Baja lentamente sin perder la postura. Enfatiza la contracción máxima del bíceps de forma diferente a los curls tradicionales.","[""Estimula el bíceps y braquial de manera única"",""Mejora la fuerza y estabilidad de la muñeca"",""Introduce variedad para el bíceps""]","[""Doblar las muñecas o perder la posición"",""Usar impulso del cuerpo"",""Movimiento rápido o descontrolado""]","[""Empieza con poco peso"",""Mantén las palmas hacia arriba y muñecas estables"",""Controla el movimiento en todo momento""]",aislado,Bíceps braquial,"[""Braquial"",""Flexores del antebrazo"",""Deltoides anterior"",""Estabilizadores de la muñeca""]","[""Mancuerna""]","[""Intermedio"",""Avanzado""]",media,hipertrofia,7,"[""gimnasio"",""brazos""]","[""curl-biceps-simultaneo"",""curl-zottman"",""curl-biceps-martillo""]",https://vz-cddd003b-54d.b-cdn.net/867ba86c-e1e1-47e1-ae94-c7d14a544c25/playlist.m3u8,https://iframe.mediadelivery.net/play/458976/867ba86c-e1e1-47e1-ae94-c7d14a544c25,https://vz-cddd003b-54d.b-cdn.net/867ba86c-e1e1-47e1-ae94-c7d14a544c25/thumbnail.jpg,https://vz-cddd003b-54d.b-cdn.net/867ba86c-e1e1-47e1-ae94-c7d14a544c25/preview.webp?v=1752881898,https://olympo.b-cdn.net/brazos/Curl-Camarero.mp4
curl-concentrado,Curl concentrado,"Sentado en el borde de un banco, con los pies apoyados en el suelo y las rodillas separadas, sostiene una mancuerna con la palma hacia arriba y apoya el brazo contra la parte interna del muslo. Flexiona el codo para elevar la mancuerna hacia el hombro, manteniendo el brazo fijo y evitando mover el torso. En la parte superior, aprieta el bíceps durante uno o dos segundos y baja la mancuerna de forma controlada. Concéntrate en el control del movimiento y la máxima contracción.","[""Aislamiento extremo del bíceps"",""Permite una fuerte contracción máxima del bíceps"",""Mejora la conexión mente-músculo""]","[""Despegar el brazo del muslo"",""Usar impulso o balancear el cuerpo"",""Movimiento rápido o sin control""]","[""Usa un peso moderado para mantener la técnica"",""Concéntrate en la contracción y el control"",""Evita la hiperextensión del codo""]",aislado,Bíceps braquial,"[""Braquial""]","[""Mancuerna"",""Banco""]","[""Intermedio"",""Avanzado""]",media,hipertrofia,9,"[""gimnasio"",""brazos"",""aislado""]","[""curl-biceps-banco-inclinado"",""curl-biceps-alternado"",""curl-biceps-martillo""]",https://vz-cddd003b-54d.b-cdn.net/278c67fb-afb7-477e-96c9-82fba5cecd12/playlist.m3u8,https://iframe.mediadelivery.net/play/458976/278c67fb-afb7-477e-96c9-82fba5cecd12,https://vz-cddd003b-54d.b-cdn.net/278c67fb-afb7-477e-96c9-82fba5cecd12/thumbnail.jpg,https://vz-cddd003b-54d.b-cdn.net/278c67fb-afb7-477e-96c9-82fba5cecd12/preview.webp?v=1752881997,https://olympo.b-cdn.net/brazos/Curl-Concentrado.mp4
curl-femoral-acostado,Curl femoral acostado en máquina,"Acuéstate boca abajo en la máquina de curl femoral, ajusta la almohadilla en la parte baja de las piernas. Flexiona las rodillas llevando los talones hacia los glúteos y baja lentamente. Mantén las caderas pegadas al banco. Ideal para aislar los isquiosurales y trabajar la flexión de rodilla.","[""Aíslamiento de isquiosurales"",""Fortalece la parte posterior del muslo"",""Mejora fuerza en flexión de rodilla""]","[""Levantar caderas del banco"",""Movimiento rápido"",""Mala alineación de rodilla""]","[""Ajusta la máquina a tu medida"",""Mantén core activo"",""Reduce peso si hay molestias""]",aislado,Isquiotibiales,"[""Gemelos""]","[""Máquina de curl femoral acostado""]","[""Principiante"",""Intermedio"",""Avanzado""]",media,hipertrofia,8,"[""gimnasio"",""piernas"",""maquina"",""bajo impacto""]","[""curl-femoral-acostado"",""curl-femoral-pie-maquina"",""curl-femoral-rodillas-maquina""]",https://vz-cddd003b-54d.b-cdn.net/45affdd9-1a35-4ef4-a4e1-0f6df43c2596/playlist.m3u8,https://iframe.mediadelivery.net/play/458976/45affdd9-1a35-4ef4-a4e1-0f6df43c2596,https://vz-cddd003b-54d.b-cdn.net/45affdd9-1a35-4ef4-a4e1-0f6df43c2596/thumbnail.jpg,https://vz-cddd003b-54d.b-cdn.net/45affdd9-1a35-4ef4-a4e1-0f6df43c2596/preview.webp?v=1761113147,https://olympo.b-cdn.net/piernas/Curl-Femoral-Acostado.MOV
curl-femoral-pie-maquina,Curl femoral de pie en máquina,"De pie en la máquina, apoya el muslo y coloca el tobillo de trabajo en la almohadilla. Flexiona la rodilla llevando el talón hacia el glúteo, mantén el core activo y evita impulsos. Aísla los isquiotibiales, ideal para corregir desequilibrios entre piernas.","[""Aislamiento unilateral de isquiotibiales"",""Corrige desequilibrios"",""Activa estabilizadores del core""]","[""Impulsarse con el torso"",""Mala alineación de rodilla"",""Rango incompleto""]","[""Mantén postura erguida"",""Comienza con poco peso"",""Ajusta la máquina correctamente""]",aislado,Isquiotibiales,"[""Gemelos""]","[""Máquina de curl femoral de pie""]","[""Principiante"",""Intermedio"",""Avanzado""]",media,hipertrofia,7,"[""gimnasio"",""piernas"",""maquina""]","[""curl-femoral-pie-maquina"",""curl-femoral-acostado"",""curl-femoral-rodillas-maquina""]",https://vz-cddd003b-54d.b-cdn.net/e760435d-efb3-4bb7-8433-12a607248871/playlist.m3u8,https://iframe.mediadelivery.net/play/458976/e760435d-efb3-4bb7-8433-12a607248871,https://vz-cddd003b-54d.b-cdn.net/e760435d-efb3-4bb7-8433-12a607248871/thumbnail.jpg,https://vz-cddd003b-54d.b-cdn.net/e760435d-efb3-4bb7-8433-12a607248871/preview.webp?v=1761111935,https://olympo.b-cdn.net/piernas/Curl-Femoral-Pie-Maquina.MOV
curl-femoral-rodillas-maquina,Curl femoral de rodillas en máquina,"De rodillas en la máquina, apoya el muslo y coloca el tobillo de trabajo en la almohadilla. Flexiona la rodilla llevando el talón hacia el glúteo, mantén el core activo y evita impulsos. Aísla los isquiotibiales, ideal para corregir desequilibrios entre piernas.","[""Aislamiento unilateral de isquiotibiales"",""Corrige desequilibrios"",""Activa estabilizadores del core""]","[""Impulsarse con el torso"",""Mala alineación de rodilla"",""Rango incompleto""]","[""Mantén postura erguida"",""Comienza con poco peso"",""Ajusta la máquina correctamente""]",aislado,Isquiotibiales,"[""Gemelos""]","[""Máquina de curl femoral de pie""]","[""Principiante"",""Intermedio"",""Avanzado""]",media,hipertrofia,7,"[""gimnasio"",""piernas"",""maquina""]","[""curl-femoral-rodillas-maquina"",""curl-femoral-acostado"",""curl-femoral-pie-maquina""]",https://vz-cddd003b-54d.b-cdn.net/1e95b1a4-2ef7-4269-b376-a49cd2a055c8/playlist.m3u8,https://iframe.mediadelivery.net/play/458976/1e95b1a4-2ef7-4269-b376-a49cd2a055c8,https://vz-cddd003b-54d.b-cdn.net/1e95b1a4-2ef7-4269-b376-a49cd2a055c8/thumbnail.jpg,https://vz-cddd003b-54d.b-cdn.net/1e95b1a4-2ef7-4269-b376-a49cd2a055c8/preview.webp?v=1761101087,https://olympo.b-cdn.net/piernas/Curl-Femoral-Rodillas-Maquina.mov
curl-inverso-barra,Curl inverso con barra,"De pie, sujeta la barra con palmas hacia abajo al ancho de los hombros. Flexiona los codos para subir la barra hacia los hombros, manteniendo los codos pegados al torso. Siente el trabajo en la parte superior y externa del antebrazo y el braquial. Controla la bajada sin usar impulso y mantén las muñecas rectas.","[""Desarrolla el braquiorradial y el braquial"",""Mejora fuerza de agarre y estabilidad"",""Equilibra el desarrollo de brazo y antebrazo""]","[""Doblar las muñecas excesivamente"",""Usar impulso del cuerpo"",""Separar los codos del torso""]","[""Comienza con poco peso"",""Controla ambas fases del movimiento"",""Mantén los codos pegados""]",aislado,Braquiorradial,"[""Braquial"",""Extensores de la muñeca"",""Bíceps braquial"",""Deltoides anterior""]","[""Barra recta o Z"",""Discos de peso""]","[""Intermedio"",""Avanzado""]",media,hipertrofia,9,"[""gimnasio"",""antebrazo""]","[""curl-muneca-barra"",""curl-inverso-barra-polea"",""curl-antebrazo-mancuernas""]",https://vz-cddd003b-54d.b-cdn.net/165d7ad5-48bd-460a-89c1-840a3e86c21e/playlist.m3u8,https://iframe.mediadelivery.net/play/458976/165d7ad5-48bd-460a-89c1-840a3e86c21e,https://vz-cddd003b-54d.b-cdn.net/165d7ad5-48bd-460a-89c1-840a3e86c21e/thumbnail.jpg,https://vz-cddd003b-54d.b-cdn.net/165d7ad5-48bd-460a-89c1-840a3e86c21e/preview.webp?v=1752882031,https://olympo.b-cdn.net/brazos/Curl-Inverso-Barra.mp4
curl-inverso-barra-polea,Curl inverso con barra en polea baja,"De pie, sujeta la barra con palmas hacia abajo al ancho de los hombros. Flexiona los codos para subir la barra hacia los hombros, manteniendo los codos pegados al torso. Siente el trabajo en la parte superior y externa del antebrazo y el braquial. Controla la bajada sin usar impulso y mantén las muñecas rectas.","[""Desarrolla el braquiorradial y el braquial"",""Mejora fuerza de agarre y estabilidad"",""Equilibra el desarrollo de brazo y antebrazo""]","[""Doblar las muñecas excesivamente"",""Usar impulso del cuerpo"",""Separar los codos del torso""]","[""Comienza con poco peso"",""Controla ambas fases del movimiento"",""Mantén los codos pegados""]",aislado,Braquiorradial,"[""Braquial"",""Extensores de la muñeca"",""Bíceps braquial"",""Deltoides anterior""]","[""Barra recta o Z"",""Discos de peso""]","[""Intermedio"",""Avanzado""]",media,hipertrofia,9,"[""gimnasio"",""antebrazo""]","[""curl-muneca-barra"",""curl-inverso-barra"",""curl-antebrazo-polea-baja""]",https://vz-cddd003b-54d.b-cdn.net/6aaf9728-05de-4a92-ab9c-05586e5a6d67/playlist.m3u8,https://iframe.mediadelivery.net/play/458976/6aaf9728-05de-4a92-ab9c-05586e5a6d67,https://vz-cddd003b-54d.b-cdn.net/6aaf9728-05de-4a92-ab9c-05586e5a6d67/thumbnail.jpg,https://vz-cddd003b-54d.b-cdn.net/6aaf9728-05de-4a92-ab9c-05586e5a6d67/preview.webp?v=1752882171,https://olympo.b-cdn.net/brazos/Curl-Inverso-Barra-Polea.mp4
curl-isometrico,Curl isométrico,"De pie o sentado, con una mancuerna o barra, flexiona los codos hasta un ángulo determinado (por ejemplo, 90 grados) y mantén la posición, apretando el bíceps de forma estática durante un tiempo definido. Puedes hacerlo con peso libre, polea, bandas o incluso empujando contra un objeto fijo. El objetivo es resistir sin mover el brazo.","[""Aumenta la fuerza en ángulos específicos"",""Mejora la estabilidad articular"",""Desarrolla la resistencia muscular y el tiempo bajo tensión""]","[""Perder el ángulo deseado"",""Contener la respiración excesivamente"",""Usar demasiado peso o tensión""]","[""Comienza con tiempos cortos y sube gradualmente"",""Mantén la postura y el ángulo correcto"",""Calienta antes de hacer isométricos intensos""]",aislado,Bíceps braquial,"[""Braquial"",""Braquiorradial"",""Antebrazo""]","[""Mancuernas"",""Barra"",""Polea"",""Bandas"",""Máquina Smith"",""Objeto fijo""]","[""Principiante"",""Intermedio"",""Avanzado""]",media,hipertrofia,7,"[""gimnasio"",""casa"",""brazos""]","[""curl-biceps-barra-recta"",""curl-concentrado"",""curl-biceps-martillo""]",https://vz-cddd003b-54d.b-cdn.net/273de0c3-b042-4360-a3f2-4acef1bb6a65/playlist.m3u8,https://iframe.mediadelivery.net/play/458976/273de0c3-b042-4360-a3f2-4acef1bb6a65,https://vz-cddd003b-54d.b-cdn.net/273de0c3-b042-4360-a3f2-4acef1bb6a65/thumbnail.jpg,https://vz-cddd003b-54d.b-cdn.net/273de0c3-b042-4360-a3f2-4acef1bb6a65/preview.webp?v=1752882362,https://olympo.b-cdn.net/brazos/Curl-Isometrico.mp4
curl-kettlebell,Curl con kettlebell,"De pie o sentado, sujeta una kettlebell por el asa con una o ambas manos, palmas hacia arriba o enfrentadas. Flexiona los codos para elevar la kettlebell hacia los hombros, manteniendo la muñeca estable y los codos pegados al torso. Es clave controlar el peso por su centro de masa y evitar que la muñeca ceda.","[""Desafía los estabilizadores de la muñeca"",""Aumenta fuerza de agarre y antebrazo"",""Introduce variedad al entrenamiento de bíceps""]","[""Dejar que la muñeca se doble"",""Usar impulso con el cuerpo"",""Separar los codos del torso""]","[""Comienza con un peso moderado"",""Mantén la muñeca recta"",""Controla el movimiento en todo momento""]",aislado,Bíceps braquial,"[""Braquial"",""Braquiorradial"",""Antebrazo""]","[""Kettlebell""]","[""Principiante"",""Intermedio"",""Avanzado""]",media,hipertrofia,7,"[""gimnasio"",""brazos""]","[""curl-trx-bandas"",""curl-biceps-martillo"",""curl-biceps-alternado""]",https://vz-cddd003b-54d.b-cdn.net/4805b3c8-c23c-4b13-aeb4-5d8f69b806d5/playlist.m3u8,https://iframe.mediadelivery.net/play/458976/4805b3c8-c23c-4b13-aeb4-5d8f69b806d5,https://vz-cddd003b-54d.b-cdn.net/4805b3c8-c23c-4b13-aeb4-5d8f69b806d5/thumbnail.jpg,https://vz-cddd003b-54d.b-cdn.net/4805b3c8-c23c-4b13-aeb4-5d8f69b806d5/preview.webp?v=1752881951,https://olympo.b-cdn.net/brazos/Curl-Kettlebell.mp4
curl-muneca-barra,Curl de muñeca con barra,"Sentado, apoya los antebrazos sobre los muslos o el banco, dejando las muñecas libres. Sujeta la barra con palmas hacia arriba y flexiona las muñecas para elevar la barra lo más alto posible, luego baja lentamente hasta sentir estiramiento. Mantén los antebrazos inmóviles durante todo el movimiento. Usa pesos ligeros para control y evita el impulso.","[""Fortalece los flexores de la muñeca"",""Mejora fuerza de agarre y antebrazo"",""Ayuda a prevenir lesiones de muñeca""]","[""Levantar los antebrazos"",""No usar todo el rango de movimiento"",""Hacer el movimiento rápido o con impulso""]","[""Usa pesos ligeros"",""Mantén los antebrazos apoyados"",""Realiza el movimiento controlado""]",aislado,Flexores de la muñeca,"[""Músculos intrínsecos de la mano""]","[""Barra recta o Z"",""Discos de peso"",""Banco plano""]","[""Principiante"",""Intermedio"",""Avanzado""]",media,hipertrofia,8,"[""gimnasio"",""antebrazo""]","[""curl-inverso-barra"",""curl-inverso-barra-polea"",""curl-antebrazo-mancuernas""]",https://vz-cddd003b-54d.b-cdn.net/28923627-5841-4856-946c-6f44d5f1b77b/playlist.m3u8,https://iframe.mediadelivery.net/play/458976/28923627-5841-4856-946c-6f44d5f1b77b,https://vz-cddd003b-54d.b-cdn.net/28923627-5841-4856-946c-6f44d5f1b77b/thumbnail.jpg,https://vz-cddd003b-54d.b-cdn.net/28923627-5841-4856-946c-6f44d5f1b77b/preview.webp?v=1752882414,https://olympo.b-cdn.net/brazos/Curl-Muneca-Barra.mp4
curl-polea-barra,Curl de bíceps en polea baja con barra,"De pie frente a una máquina de poleas baja, sostiene una barra con palmas hacia arriba al ancho de hombros. Flexiona los codos para subir la barra hacia los hombros, manteniendo la espalda recta y los codos pegados al torso. Controla el movimiento y aprovecha la tensión constante del cable para aislar el bíceps.","[""Mantiene tensión constante en el bíceps"",""Desarrolla masa y definición"",""Movimiento suave y seguro para articulaciones""]","[""Usar impulso del cuerpo"",""Codos alejados del torso"",""Rango de movimiento incompleto""]","[""Mantén los codos fijos"",""Controla la subida y bajada"",""Asegúrate de que la barra esté bien sujeta""]",aislado,Bíceps braquial,"[""Braquial"",""Braquiorradial"",""Antebrazo""]","[""Máquina de polea"",""Barra recta o Z""]","[""Principiante"",""Intermedio"",""Avanzado""]",media,hipertrofia,9,"[""gimnasio"",""brazos""]","[""curl-polea-cuerda"",""curl-polea-unilateral"",""curl-biceps-barra-recta""]",https://vz-cddd003b-54d.b-cdn.net/5ae78bf3-df53-4415-a614-c89b9bf00497/playlist.m3u8,https://iframe.mediadelivery.net/play/458976/5ae78bf3-df53-4415-a614-c89b9bf00497,https://vz-cddd003b-54d.b-cdn.net/5ae78bf3-df53-4415-a614-c89b9bf00497/thumbnail.jpg,https://vz-cddd003b-54d.b-cdn.net/5ae78bf3-df53-4415-a614-c89b9bf00497/preview.webp?v=1752882456,https://olympo.b-cdn.net/brazos/Curl-Polea-Barra.mp4
curl-polea-cuerda,Curl con cuerda en polea baja,"De pie frente a la polea baja, sostiene una cuerda con palmas enfrentadas. Flexiona los codos para elevar la cuerda hacia los hombros, separando los extremos en la parte superior para una máxima contracción. Mantén los codos fijos y el core activo. Aprovecha la tensión constante para un bombeo intenso.","[""Permite mayor libertad para las muñecas"",""Trabaja eficazmente bíceps y braquial"",""Gran tensión muscular durante todo el movimiento""]","[""Usar demasiado peso y perder la forma"",""Codos alejados del torso"",""No controlar la fase negativa""]","[""Controla el peso y la técnica"",""Mantén los codos cerca del torso"",""Asegura buena sujeción de la cuerda""]",aislado,Bíceps braquial,"[""Braquial"",""Braquiorradial"",""Flexores del antebrazo""]","[""Máquina de polea"",""Cuerda""]","[""Principiante"",""Intermedio"",""Avanzado""]",media,hipertrofia,9,"[""gimnasio"",""brazos""]","[""curl-polea-barra"",""curl-polea-unilateral"",""curl-arana-polea""]",https://vz-cddd003b-54d.b-cdn.net/f9d54581-b308-4880-ba16-9595ac26df07/playlist.m3u8,https://iframe.mediadelivery.net/play/458976/f9d54581-b308-4880-ba16-9595ac26df07,https://vz-cddd003b-54d.b-cdn.net/f9d54581-b308-4880-ba16-9595ac26df07/thumbnail.jpg,https://vz-cddd003b-54d.b-cdn.net/f9d54581-b308-4880-ba16-9595ac26df07/preview.webp?v=1752882510,https://olympo.b-cdn.net/brazos/Curl-Polea-Cuerda.mp4
curl-polea-unilateral,Curl de bíceps unilateral en polea,"De pie o sentado junto a una polea baja, sostiene un asa con una mano, palma hacia arriba. Flexiona el codo llevando el asa hacia el hombro, manteniendo el codo pegado al torso y el core activo. Ideal para trabajar un brazo a la vez y corregir desequilibrios. Aprovecha la tensión constante en todo el rango.","[""Permite máximo aislamiento del bíceps"",""Ayuda a corregir desequilibrios"",""Gran tensión durante todo el movimiento""]","[""Usar el torso o el hombro para ayudar"",""Codo separado del torso"",""Movimiento rápido y descontrolado""]","[""Mantén el codo estable y cerca del cuerpo"",""Controla ambas fases del movimiento"",""Evita rotar el torso""]",aislado,Bíceps braquial,"[""Braquial"",""Braquiorradial"",""Antebrazo"",""Core""]","[""Máquina de polea"",""Asa individual""]","[""Principiante"",""Intermedio"",""Avanzado""]",media,hipertrofia,9,"[""gimnasio"",""brazos""]","[""curl-polea-barra"",""curl-polea-cuerda"",""curl-arana-polea""]",https://vz-cddd003b-54d.b-cdn.net/6903734b-bbab-4fc4-b561-2935fcb73ce3/playlist.m3u8,https://iframe.mediadelivery.net/play/458976/6903734b-bbab-4fc4-b561-2935fcb73ce3,https://vz-cddd003b-54d.b-cdn.net/6903734b-bbab-4fc4-b561-2935fcb73ce3/thumbnail.jpg,https://vz-cddd003b-54d.b-cdn.net/6903734b-bbab-4fc4-b561-2935fcb73ce3/preview.webp?v=1752882561,https://olympo.b-cdn.net/brazos/Curl-Polea-Unilateral.mp4
curl-trx-bandas,Curl con TRX o bandas,"Usando un TRX o bandas, sujeta las agarraderas o extremos con las palmas hacia arriba o neutras. Inclina tu cuerpo hacia atrás hasta que los brazos estén extendidos, elige la dificultad con el ángulo del cuerpo o la tensión de la banda. Flexiona los codos para llevar las manos a los hombros y mantén el core activo. Baja controlando y mantén la alineación corporal.","[""Ajusta la dificultad fácilmente"",""Activa el core y mejora la coordinación"",""Muy adaptable para casa o gimnasio""]","[""Perder la alineación corporal"",""Usar los codos como remo en vez de curl"",""Elegir mal la resistencia o el ángulo""]","[""Asegura el anclaje antes de empezar"",""Mantén el core activado en todo momento"",""Progresa gradualmente eligiendo la resistencia o inclinación""]",funcional,Bíceps braquial,"[""Braquial"",""Braquiorradial"",""Músculos del antebrazo"",""Core""]","[""TRX"",""Bandas de resistencia""]","[""Principiante"",""Intermedio"",""Avanzado""]",media,hipertrofia,8,"[""gimnasio"",""casa"",""brazos"",""funcional""]","[""curl-kettlebell"",""curl-biceps-alternado"",""curl-biceps-simultaneo""]",https://vz-cddd003b-54d.b-cdn.net/26b45ac7-9bfe-4c48-b4af-23ed3e815f3d/playlist.m3u8,https://iframe.mediadelivery.net/play/458976/26b45ac7-9bfe-4c48-b4af-23ed3e815f3d,https://vz-cddd003b-54d.b-cdn.net/26b45ac7-9bfe-4c48-b4af-23ed3e815f3d/thumbnail.jpg,https://vz-cddd003b-54d.b-cdn.net/26b45ac7-9bfe-4c48-b4af-23ed3e815f3d/preview.webp?v=1752882628,https://olympo.b-cdn.net/brazos/Curl-Trx-Bandas.mp4
curl-zottman,Curl tipo zottman,"De pie o sentado, sostiene una mancuerna en cada mano con las palmas hacia arriba. Eleva las mancuernas flexionando los codos y, en la parte superior, gira las muñecas para que las palmas miren hacia abajo y baja controladamente. La subida trabaja el bíceps y braquial, la bajada enfatiza el antebrazo. Es clave controlar el giro y el ritmo.","[""Trabaja varios músculos del brazo"",""Desarrolla fuerza y resistencia del antebrazo"",""Mejora la fuerza de agarre""]","[""Rotar las muñecas bruscamente"",""Usar impulso o balanceo"",""Separar los codos del torso""]","[""Utiliza un peso ligero"",""Controla la rotación de la muñeca"",""Mantén los codos cerca del torso""]",aislado,Bíceps braquial,"[""Braquial"",""Braquiorradial"",""Extensores de la muñeca"",""Flexores de la muñeca"",""Deltoides anterior""]","[""Mancuernas""]","[""Intermedio"",""Avanzado""]",media,hipertrofia,8,"[""gimnasio"",""brazos""]","[""curl-biceps-simultaneo"",""curl-biceps-alternado"",""curl-camarero""]",https://vz-cddd003b-54d.b-cdn.net/912dc8b4-0a4f-4e0c-9ed0-380e424dae8f/playlist.m3u8,https://iframe.mediadelivery.net/play/458976/912dc8b4-0a4f-4e0c-9ed0-380e424dae8f,https://vz-cddd003b-54d.b-cdn.net/912dc8b4-0a4f-4e0c-9ed0-380e424dae8f/thumbnail.jpg,https://vz-cddd003b-54d.b-cdn.net/912dc8b4-0a4f-4e0c-9ed0-380e424dae8f/preview.webp?v=1752882684,https://olympo.b-cdn.net/brazos/Curl-Zottman.mp4
dominada-asistida,Dominadas asistidas en máquina multifuerza,"Ajusta el peso de asistencia en la máquina, apoya rodillas o pies en la plataforma. Sujeta la barra con agarre prono, supino o neutro. Sube controlando el movimiento hasta llevar la barbilla por encima de las manos, baja lentamente. Reduce la asistencia conforme ganas fuerza. Perfecta para progresar hasta la dominada libre.","[""Permite progresar hacia dominadas libres"",""Fácil variar el agarre"",""Ideal para aprender técnica de tracción"",""Aumenta volumen de trabajo""]","[""Usar demasiada asistencia"",""Bajar sin control"",""Rango de movimiento incompleto""]","[""Ajusta la máquina a tu nivel"",""Reduce asistencia progresivamente"",""Mantén técnica todo el tiempo""]",compuesto,Dorsal ancho,"[""Bíceps braquial"",""Braquial"",""Braquiorradial"",""Romboides"",""Trapecio medio e inferior"",""Deltoides posterior""]","[""Máquina de dominadas asistidas""]","[""Principiante"",""Intermedio""]",media,hipertrofia,7,"[""gimnasio"",""espalda"",""barra""]","[""dominada-prono"",""dominada-supino"",""dominada-neutra""]",https://vz-cddd003b-54d.b-cdn.net/7eba839a-68dd-489a-8d0b-4e75f8fcebb4/playlist.m3u8,https://iframe.mediadelivery.net/play/458976/7eba839a-68dd-489a-8d0b-4e75f8fcebb4,https://vz-cddd003b-54d.b-cdn.net/7eba839a-68dd-489a-8d0b-4e75f8fcebb4/thumbnail.jpg,https://vz-cddd003b-54d.b-cdn.net/7eba839a-68dd-489a-8d0b-4e75f8fcebb4/preview.webp?v=1771994492,https://olympo.b-cdn.net/espalda/Dominada-Asistida.MOV
dominada-neutra,Dominadas con agarre neutro,"Cuelga de una barra con palmas hacia ti al ancho de los hombros. Sube hasta que la barbilla supere el nivel de las manos, sintiendo el trabajo de dorsal y bíceps. Baja controlado hasta estirar por completo los brazos. Variante muy amigable para las articulaciones.","[""Equilibrio entre dorsal y brazos"",""Agarre cómodo para muñeca y codo"",""Mejora fuerza de tracción"",""Peso corporal funcional""]","[""No completar el rango de movimiento"",""Balanceo excesivo"",""Codos abiertos""]","[""Asegura barra estable"",""Calienta bien hombros"",""Técnica estricta en todo el rango""]",compuesto,Dorsal ancho,"[""Bíceps braquial"",""Braquial"",""Braquiorradial"",""Romboides"",""Trapecio medio e inferior"",""Deltoides posterior"",""Redondo mayor"",""Core""]","[""Barra fija con agarres neutros""]","[""Intermedio"",""Avanzado""]",alta,hipertrofia,9,"[""gimnasio"",""barra"",""espalda"",""peso corporal""]","[""dominada-prono"",""dominada-supino"",""dominada-asistida""]",https://vz-cddd003b-54d.b-cdn.net/068ee2e9-97d8-4fb8-9f99-a49d2af6e321/playlist.m3u8,https://iframe.mediadelivery.net/play/458976/068ee2e9-97d8-4fb8-9f99-a49d2af6e321,https://vz-cddd003b-54d.b-cdn.net/068ee2e9-97d8-4fb8-9f99-a49d2af6e321/thumbnail.jpg,https://vz-cddd003b-54d.b-cdn.net/068ee2e9-97d8-4fb8-9f99-a49d2af6e321/preview.webp?v=1752875422,https://olympo.b-cdn.net/espalda/Dominada-Neutra.mp4
dominada-prono,Pull-ups (Dominadas con agarre prono),"Cuelga de una barra fija con palmas hacia adelante, agarre ligeramente más ancho que los hombros. Sube llevando el pecho hacia la barra, enfocando el movimiento en el dorsal y retrayendo las escápulas. Baja de forma controlada hasta estirar por completo los brazos. Mantén el core activo y evita el impulso. Si es muy difícil, progresa con dominadas asistidas.","[""Desarrolla fuerza y masa en espalda y brazos"",""Mejora fuerza de agarre"",""Activa el core"",""Ejercicio funcional de peso corporal""]","[""No completar el rango de movimiento"",""Uso excesivo de impulso"",""Encoger los hombros""]","[""Calienta hombros y codos"",""Evita balanceo excesivo"",""Usa progresiones si es necesario""]",compuesto,Dorsal ancho,"[""Bíceps braquial"",""Braquial"",""Braquiorradial"",""Romboides"",""Trapecio medio e inferior"",""Deltoides posterior"",""Redondo mayor"",""Core""]","[""Barra fija""]","[""Intermedio"",""Avanzado""]",alta,hipertrofia,9,"[""gimnasio"",""barra"",""espalda"",""peso corporal""]","[""dominada-supino"",""dominada-neutra"",""dominada-asistida""]",https://vz-cddd003b-54d.b-cdn.net/f730275f-e55b-4b41-8c8a-95b32c1b179a/playlist.m3u8,https://iframe.mediadelivery.net/play/458976/f730275f-e55b-4b41-8c8a-95b32c1b179a,https://vz-cddd003b-54d.b-cdn.net/f730275f-e55b-4b41-8c8a-95b32c1b179a/thumbnail.jpg,https://vz-cddd003b-54d.b-cdn.net/f730275f-e55b-4b41-8c8a-95b32c1b179a/preview.webp?v=1752875380,https://olympo.b-cdn.net/espalda/Dominada-Prono.mp4
dominada-supino,Chin-ups (Dominadas con agarre supino),"Cuelga de una barra fija con palmas hacia ti, manos al ancho de los hombros o algo más estrecho. Sube llevando la barbilla por encima de la barra, sintiendo el trabajo del dorsal y bíceps. Baja de forma controlada hasta estirar completamente los brazos. Mantén la espalda recta y core activo. Variante más amigable para bíceps.","[""Alta activación de dorsal y bíceps"",""Mejora fuerza de tracción"",""Fácil de progresar con lastre"",""Peso corporal funcional""]","[""No completar el rango de movimiento"",""Balanceo excesivo"",""Codos abiertos""]","[""Calienta codos y muñecas"",""Mantén técnica estricta"",""Evita cargas excesivas""]",compuesto,Dorsal ancho,"[""Bíceps braquial"",""Braquial"",""Braquiorradial"",""Romboides"",""Trapecio medio e inferior"",""Deltoides posterior"",""Redondo mayor"",""Core""]","[""Barra fija""]","[""Intermedio"",""Avanzado""]",alta,hipertrofia,10,"[""gimnasio"",""barra"",""espalda"",""peso corporal""]","[""dominada-prono"",""dominada-neutra"",""dominada-asistida""]",https://vz-cddd003b-54d.b-cdn.net/34e414f9-f00c-4285-afe3-128aca6a8a5b/playlist.m3u8,https://iframe.mediadelivery.net/play/458976/34e414f9-f00c-4285-afe3-128aca6a8a5b,https://vz-cddd003b-54d.b-cdn.net/34e414f9-f00c-4285-afe3-128aca6a8a5b/thumbnail.jpg,https://vz-cddd003b-54d.b-cdn.net/34e414f9-f00c-4285-afe3-128aca6a8a5b/preview.webp?v=1752875492,https://olympo.b-cdn.net/espalda/Dominada-Supina.mp4
elevacion-lateral-pared-mancuerna,Elevación lateral de pie con mancuerna apoyado en pared,"Párate con la espalda y brazo libre apoyados contra la pared, sosteniendo una mancuerna en el brazo opuesto. Eleva la mancuerna lateralmente hasta la altura del hombro sin despegar el cuerpo de la pared. Esta variante reduce el uso del impulso y corrige la técnica al limitar el movimiento del torso.","[""Mejora la técnica al limitar el impulso"",""Aislamiento del deltoides lateral"",""Refuerza el control postural""]","[""Inclinar el torso"",""Elevar por encima de los hombros"",""Flexionar el codo más de lo necesario""]","[""Apoya firmemente el cuerpo"",""Utiliza una carga ligera a moderada"",""Evita girar la muñeca""]",aislado,Deltoides lateral,"[""Trapecio superior"",""Deltoides anterior""]","[""Mancuerna"",""Pared""]","[""Principiante"",""Intermedio""]",media,hipertrofia,7,"[""hombros"",""deltoides"",""mancuernas"",""aislado"",""pared""]","[""elevacion-lateral-pared-mancuerna"",""elevaciones-laterales-mancuernas"",""elevaciones-laterales-sentado-mancuernas""]",https://vz-cddd003b-54d.b-cdn.net/cc12b62b-d198-4eda-857b-97d42b4e4c5f/playlist.m3u8,https://iframe.mediadelivery.net/play/458976/cc12b62b-d198-4eda-857b-97d42b4e4c5f,https://vz-cddd003b-54d.b-cdn.net/cc12b62b-d198-4eda-857b-97d42b4e4c5f/thumbnail.jpg,https://vz-cddd003b-54d.b-cdn.net/cc12b62b-d198-4eda-857b-97d42b4e4c5f/preview.webp?v=1752877079,https://olympo.b-cdn.net/hombros/Elevacion-Lateral-Pared-Mancuerna.mp4
elevacion-lateral-unilateral-polea,Elevación lateral unilateral con polea cerca del cuerpo,"Ubica la polea baja al nivel del tobillo. Colócate de lado a la polea, con los pies cercanos a ella. Sostén la máquina con la mano contraria para estabilizarte y aleja ligeramente el torso. Con el brazo externo, eleva el cable lateralmente hasta la altura del hombro. Este ángulo inclinado aumenta la activación del deltoides lateral desde el inicio del recorrido.","[""Activación constante del deltoides lateral"",""Mayor tensión en el rango inicial"",""Ideal para trabajo unilateral controlado""]","[""Despegarse de la máquina"",""Elevar el hombro en exceso"",""Flexionar demasiado el codo""]","[""Controla el peso en todo momento"",""Mantén una postura fija"",""Evita movimientos bruscos""]",aislado,Deltoides lateral,"[""Trapecio superior""]","[""Polea baja"",""Agarre simple""]","[""Intermedio"",""Avanzado""]",media,hipertrofia,8,"[""hombros"",""deltoides"",""polea"",""aislado"",""gimnasio""]","[""elevacion-lateral-unilateral-polea"",""elevaciones-laterales-mancuernas"",""elevaciones-laterales-sentado-mancuernas""]",https://vz-cddd003b-54d.b-cdn.net/0379bcf5-d5e6-4da5-a96c-95432872fd91/playlist.m3u8,https://iframe.mediadelivery.net/play/458976/0379bcf5-d5e6-4da5-a96c-95432872fd91,https://vz-cddd003b-54d.b-cdn.net/0379bcf5-d5e6-4da5-a96c-95432872fd91/thumbnail.jpg,https://vz-cddd003b-54d.b-cdn.net/0379bcf5-d5e6-4da5-a96c-95432872fd91/preview.webp?v=1752876809,https://olympo.b-cdn.net/hombros/Elevaciones-Laterales-Unilateral-Polea.mp4
elevaciones-frontales-barra,Elevaciones frontales con barra,"De pie, pies al ancho de los hombros, sujeta la barra con ambas manos frente a los muslos. Eleva los brazos al frente hasta la altura de los hombros y baja controlado. Mantén ligera flexión de codos y evita el impulso. Permite trabajar con mayor peso.","[""Desarrolla deltoides anterior"",""Permite cargas más altas"",""Mejora fuerza de empuje frontal""]","[""Usar peso excesivo"",""Balancear el cuerpo"",""Bloquear codos o arquear la espalda""]","[""Empieza con barra ligera"",""Activa core para proteger zona lumbar"",""Evita el impulso""]",aislado,Deltoides anterior,"[""Pectoral superior"",""Trapecio superior"",""Deltoides lateral"",""Serrato anterior""]","[""Barra""]","[""Principiante"",""Intermedio""]",media,hipertrofia,7,"[""gimnasio"",""hombros"",""barra""]","[""elevaciones-frontales-barra"",""elevaciones-frontales-mancuernas"",""elevaciones-frontales-disco""]",https://vz-cddd003b-54d.b-cdn.net/492059ee-27d0-4c79-8d7d-1bd994778f6d/playlist.m3u8,https://iframe.mediadelivery.net/play/458976/492059ee-27d0-4c79-8d7d-1bd994778f6d,https://vz-cddd003b-54d.b-cdn.net/492059ee-27d0-4c79-8d7d-1bd994778f6d/thumbnail.jpg,https://vz-cddd003b-54d.b-cdn.net/492059ee-27d0-4c79-8d7d-1bd994778f6d/preview.webp?v=1752876346,https://olympo.b-cdn.net/hombros/Elevaciones-Frontales-Barra.mp4
elevaciones-frontales-disco,Elevaciones frontales con disco,"De pie, sujeta un disco con ambas manos delante de los muslos. Eleva el disco al frente hasta la altura de los hombros y baja controlado. Mantén ligera flexión de codos, espalda recta y evita el impulso. Accesible y útil para pre-agotamiento.","[""Aíslan el deltoides anterior"",""Mejoran definición del hombro"",""Requieren poco equipo""]","[""Usar disco muy pesado"",""Balancear el torso"",""Extender o bloquear codos""]","[""Comienza con disco ligero"",""Mantén core activo"",""Evita elevar por encima del hombro""]",aislado,Deltoides anterior,"[""Deltoides lateral"",""Pectoral superior"",""Trapecio"",""Core""]","[""Disco de peso""]","[""Intermedio"",""Avanzado""]",media,hipertrofia,7,"[""gimnasio"",""hombros"",""discos"",""casa""]","[""elevaciones-frontales-disco"",""elevaciones-frontales-mancuernas"",""elevaciones-frontales-barra""]",https://vz-cddd003b-54d.b-cdn.net/8ca72935-40ab-4423-8aeb-853a4d2f08a8/playlist.m3u8,https://iframe.mediadelivery.net/play/458976/8ca72935-40ab-4423-8aeb-853a4d2f08a8,https://vz-cddd003b-54d.b-cdn.net/8ca72935-40ab-4423-8aeb-853a4d2f08a8/thumbnail.jpg,https://vz-cddd003b-54d.b-cdn.net/8ca72935-40ab-4423-8aeb-853a4d2f08a8/preview.webp?v=1752876424,https://olympo.b-cdn.net/hombros/Elevaciones-Frontales-Disco.mp4
elevaciones-frontales-kettlebell,Elevaciones frontales con kettlebell,"De pie, pies al ancho de hombros, sujeta la kettlebell con ambas manos o una por vez. Eleva al frente hasta la altura de los hombros, manteniendo brazos casi rectos y core activo. No uses impulso y baja controlado. Gran reto de estabilización.","[""Desarrolla fuerza y estabilidad del hombro"",""Activa músculos estabilizadores de core"",""Corrige desequilibrios si es unilateral""]","[""Usar impulso o balanceo"",""Elevar por encima del hombro"",""Flexionar excesivamente codos""]","[""Mantén postura estricta"",""Elige peso adecuado"",""Evita si tienes molestias de hombro""]",aislado,Deltoides anterior,"[""Pectoral superior"",""Trapecio superior"",""Serrato anterior""]","[""Kettlebell""]","[""Principiante"",""Intermedio""]",media,hipertrofia,8,"[""gimnasio"",""hombros"",""kettlebell""]","[""elevaciones-frontales-kettlebell"",""elevaciones-frontales-mancuernas"",""elevaciones-frontales-disco""]",https://vz-cddd003b-54d.b-cdn.net/34027490-5516-4905-abf8-cf8ec987dbab/playlist.m3u8,https://iframe.mediadelivery.net/play/458976/34027490-5516-4905-abf8-cf8ec987dbab,https://vz-cddd003b-54d.b-cdn.net/34027490-5516-4905-abf8-cf8ec987dbab/thumbnail.jpg,https://vz-cddd003b-54d.b-cdn.net/34027490-5516-4905-abf8-cf8ec987dbab/preview.webp?v=1752876395,https://olympo.b-cdn.net/hombros/Elevaciones-Frontales-Kettlebell.mp4
elevaciones-frontales-mancuernas,Elevaciones frontales con mancuernas,"De pie, pies al ancho de los hombros, sostén una mancuerna en cada mano. Eleva los brazos al frente, alterno o simultáneo, hasta la altura de los hombros, manteniendo ligera flexión de codos. Evita el impulso y controla el descenso. Permite corrección de desequilibrios y enfoque en el deltoides anterior.","[""Aíslan y desarrollan el deltoides anterior"",""Mejoran fuerza funcional de empuje"",""Permiten trabajo unilateral o bilateral""]","[""Usar demasiado peso"",""Balancear el cuerpo"",""Bloquear los codos al subir""]","[""Calienta hombros antes de iniciar"",""Empieza con peso bajo para dominar técnica"",""Activa core y evita el impulso""]",aislado,Deltoides anterior,"[""Deltoides lateral"",""Pectoral mayor"",""Trapecio superior"",""Serrato anterior"",""Bíceps braquial""]","[""Mancuernas""]","[""Principiante"",""Intermedio""]",media,hipertrofia,8,"[""gimnasio"",""hombros"",""casa"",""mancuernas""]","[""elevaciones-frontales-mancuernas"",""elevaciones-frontales-barra"",""elevaciones-frontales-disco""]",https://vz-cddd003b-54d.b-cdn.net/4ad52b26-ee2c-4b60-a9df-4fff137413b3/playlist.m3u8,https://iframe.mediadelivery.net/play/458976/4ad52b26-ee2c-4b60-a9df-4fff137413b3,https://vz-cddd003b-54d.b-cdn.net/4ad52b26-ee2c-4b60-a9df-4fff137413b3/thumbnail.jpg,https://vz-cddd003b-54d.b-cdn.net/4ad52b26-ee2c-4b60-a9df-4fff137413b3/preview.webp?v=1752876458,https://olympo.b-cdn.net/hombros/Elevaciones-Frontales-Mancuernas.mp4
elevaciones-frontales-polea,Elevaciones frontales en polea baja,"De pie de espaldas a la polea baja, sujeta el mango con una o ambas manos. Eleva el brazo al frente hasta la altura del hombro, manteniendo control y sin impulso. Tensión constante durante todo el rango de movimiento.","[""Tensión constante en todo el rango"",""Aíslan deltoides anterior"",""Permiten trabajo unilateral""]","[""Usar demasiado peso"",""Flexionar excesivamente codos"",""No controlar la bajada""]","[""Asegura el ajuste de la polea y mango"",""Mantén postura estable"",""Evita arqueo de espalda""]",aislado,Deltoides anterior,"[""Pectoral superior"",""Serrato anterior"",""Trapecio"",""Deltoides lateral""]","[""Polea baja"",""Mango""]","[""Principiante"",""Intermedio""]",media,hipertrofia,8,"[""gimnasio"",""hombros"",""polea""]","[""elevaciones-frontales-polea"",""elevaciones-frontales-mancuernas"",""elevaciones-frontales-barra""]",https://vz-cddd003b-54d.b-cdn.net/8b40d8d3-da2e-4915-9129-9828a2dc089c/playlist.m3u8,https://iframe.mediadelivery.net/play/458976/8b40d8d3-da2e-4915-9129-9828a2dc089c,https://vz-cddd003b-54d.b-cdn.net/8b40d8d3-da2e-4915-9129-9828a2dc089c/thumbnail.jpg,https://vz-cddd003b-54d.b-cdn.net/8b40d8d3-da2e-4915-9129-9828a2dc089c/preview.webp?v=1752876497,https://olympo.b-cdn.net/hombros/Elevaciones-Frontales-Polea.mp4
elevaciones-l,Elevaciones en L,"De pie, una mancuerna al frente y otra al costado, eleva simultáneamente hasta altura del hombro y baja controlado. Alterna roles de brazos. Mejora coordinación y trabajo unilateral de hombros.","[""Trabaja deltoides anterior y lateral"",""Mejora coordinación"",""Desafía estabilizadores""]","[""Usar mucho peso"",""Movimiento descoordinado"",""Balancear el torso""]","[""Usar peso ligero"",""Control y alternancia"",""Core activado""]",aislado,Deltoides anterior,"[""Deltoides lateral"",""Trapecio"",""Manguito rotador"",""Serrato anterior""]","[""Mancuernas ligeras""]","[""Intermedio"",""Avanzado""]",media,hipertrofia,7,"[""hombros"",""brazos"",""casa""]","[""elevaciones-l"",""elevaciones-y-banco-inclinado"",""remo-apoyado""]",https://vz-cddd003b-54d.b-cdn.net/9abb6bf0-0a5b-40e8-876c-1d4c999426bb/playlist.m3u8,https://iframe.mediadelivery.net/play/458976/9abb6bf0-0a5b-40e8-876c-1d4c999426bb,https://vz-cddd003b-54d.b-cdn.net/9abb6bf0-0a5b-40e8-876c-1d4c999426bb/thumbnail.jpg,https://vz-cddd003b-54d.b-cdn.net/9abb6bf0-0a5b-40e8-876c-1d4c999426bb/preview.webp?v=1752876590,https://olympo.b-cdn.net/hombros/Elevaciones-L.mp4
elevaciones-laterales-disco,Elevaciones laterales con discos,"De pie, sujeta un disco en cada mano, eleva los brazos lateralmente hasta la altura de los hombros, con ligera flexión de codos. Baja controlado. Los discos permiten variar agarre y rango. Evita impulso o sobrecarga.","[""Permite variar el tipo de agarre"",""Mejora el control motor"",""Fácil de progresar en peso""]","[""Subir los brazos por encima del hombro"",""Impulsarse con el torso"",""Flexionar mucho los codos""]","[""Comienza con discos ligeros"",""Controla la subida y bajada"",""Mantén técnica estricta""]",aislado,Deltoides lateral,"[""Trapecio"",""Supraespinoso""]","[""Discos de peso""]","[""Principiante"",""Intermedio"",""Avanzado""]",media,hipertrofia,7,"[""gimnasio"",""hombros"",""discos""]","[""elevaciones-laterales-disco"",""elevaciones-laterales-mancuernas"",""elevaciones-laterales-kettlebell""]",https://vz-cddd003b-54d.b-cdn.net/450f61e2-be7a-4972-a90e-86f6a8b120fb/playlist.m3u8,https://iframe.mediadelivery.net/play/458976/450f61e2-be7a-4972-a90e-86f6a8b120fb,https://vz-cddd003b-54d.b-cdn.net/450f61e2-be7a-4972-a90e-86f6a8b120fb/thumbnail.jpg,https://vz-cddd003b-54d.b-cdn.net/450f61e2-be7a-4972-a90e-86f6a8b120fb/preview.webp?v=1752876527,https://olympo.b-cdn.net/hombros/Elevaciones-Laterales-Disco.mp4
elevaciones-laterales-kettlebell,Elevaciones laterales con kettlebells,"De pie, sujeta una kettlebell en cada mano a los lados, eleva los brazos lateralmente hasta la altura del hombro. El centro de gravedad bajo de la kettlebell exige mayor control. Baja lentamente. Excelente para variar estímulo y trabajar estabilizadores.","[""Aumenta control y estabilidad de hombro"",""Varía el estímulo respecto a mancuernas"",""Mejora agarre y coordinación""]","[""Usar impulso"",""Flexionar excesivamente el codo"",""Subir los brazos por encima del hombro""]","[""Comienza con poco peso"",""Controla la bajada"",""No realices si tienes dolor de hombro""]",aislado,Deltoides lateral,"[""Trapecio"",""Supraespinoso""]","[""Kettlebell""]","[""Intermedio"",""Avanzado""]",media,hipertrofia,7,"[""gimnasio"",""hombros"",""kettlebell""]","[""elevaciones-laterales-mancuernas"",""elevaciones-laterales-kettlebell"",""elevaciones-laterales-disco""]",https://vz-cddd003b-54d.b-cdn.net/0ef4e612-7cb1-4109-87cf-9bd5f395db90/playlist.m3u8,https://iframe.mediadelivery.net/play/458976/0ef4e612-7cb1-4109-87cf-9bd5f395db90,https://vz-cddd003b-54d.b-cdn.net/0ef4e612-7cb1-4109-87cf-9bd5f395db90/thumbnail.jpg,https://vz-cddd003b-54d.b-cdn.net/0ef4e612-7cb1-4109-87cf-9bd5f395db90/preview.webp?v=1752876619,https://olympo.b-cdn.net/hombros/Elevaciones-Laterales-Kettlebell.mp4
elevaciones-laterales-mancuernas,Elevaciones laterales con mancuernas,"De pie, con mancuernas a los lados, eleva los brazos lateralmente hasta la altura de los hombros, manteniendo una ligera flexión de codos. No uses impulso ni subas por encima de la línea del hombro. Baja controlado. Trabaja deltoides medio y mejora la estética del hombro.","[""Aísla el deltoides medio"",""Mejora la forma del hombro"",""Fácil de ajustar a cualquier nivel""]","[""Usar impulso con el torso"",""Subir los brazos por encima del hombro"",""Flexionar excesivamente los codos""]","[""Elige un peso adecuado"",""Mantén el control todo el tiempo"",""No rebotes""]",aislado,Deltoides lateral,"[""Trapecio"",""Supraespinoso""]","[""Mancuernas""]","[""Principiante"",""Intermedio"",""Avanzado""]",media,hipertrofia,9,"[""gimnasio"",""hombros"",""casa"",""mancuernas""]","[""elevaciones-laterales-mancuernas"",""elevaciones-laterales-sentado-mancuernas"",""elevacion-lateral-unilateral-polea""]",https://vz-cddd003b-54d.b-cdn.net/6f5635dd-aadc-463a-82b7-26b43029d061/playlist.m3u8,https://iframe.mediadelivery.net/play/458976/6f5635dd-aadc-463a-82b7-26b43029d061,https://vz-cddd003b-54d.b-cdn.net/6f5635dd-aadc-463a-82b7-26b43029d061/thumbnail.jpg,https://vz-cddd003b-54d.b-cdn.net/6f5635dd-aadc-463a-82b7-26b43029d061/preview.webp?v=1752876659,https://olympo.b-cdn.net/hombros/Elevaciones-Laterales-Mancuernas.mp4
elevaciones-laterales-sentado-mancuernas,Elevaciones laterales sentado con mancuernas,"Siéntate en un banco sin respaldo con una mancuerna en cada mano, brazos a los lados y palmas enfrentadas. Con una ligera flexión en los codos, eleva los brazos lateralmente hasta que queden a la altura de los hombros, manteniendo el torso inmóvil y evitando balanceos. Baja de forma controlada. Al estar sentado, se reduce la inercia del cuerpo, lo que enfoca más el esfuerzo en los deltoides laterales.","[""Aislamiento del deltoides lateral"",""Reducción del impulso corporal"",""Mayor control del movimiento""]","[""Elevar por encima de los hombros"",""Usar impulso del torso"",""Rotar excesivamente las muñecas""]","[""Elige una carga moderada"",""Controla el rango de movimiento"",""Mantén la espalda recta""]",aislado,Deltoides lateral,"[""Trapecio superior"",""Deltoides anterior""]","[""Mancuernas"",""Banco plano""]","[""Principiante"",""Intermedio""]",media,hipertrofia,8,"[""hombros"",""deltoides"",""gimnasio"",""mancuernas"",""aislado""]","[""elevaciones-laterales-mancuernas"",""elevaciones-laterales-sentado-mancuernas"",""elevacion-lateral-unilateral-polea""]",https://vz-cddd003b-54d.b-cdn.net/8f42ad0e-4d0d-4470-bb18-e0ec3352a76d/playlist.m3u8,https://iframe.mediadelivery.net/play/458976/8f42ad0e-4d0d-4470-bb18-e0ec3352a76d,https://vz-cddd003b-54d.b-cdn.net/8f42ad0e-4d0d-4470-bb18-e0ec3352a76d/thumbnail.jpg,https://vz-cddd003b-54d.b-cdn.net/8f42ad0e-4d0d-4470-bb18-e0ec3352a76d/preview.webp?v=1752876710,https://olympo.b-cdn.net/hombros/Elevaciones-Laterales-Sentado-Mancuernas.mp4
elevaciones-posteriores-banco-inclinado,Elevaciones posteriores con mancuernas en banco inclinado,"Acuéstate boca abajo en banco inclinado (30-45°), mancuernas colgando. Eleva los brazos a los lados con ligera flexión de codos hasta la línea de los hombros. El apoyo elimina impulso y permite mejor aislamiento.","[""Aísla máximo el deltoides posterior"",""Elimina impulso"",""Reduce tensión en zona lumbar""]","[""Flexionar y extender codos (remo)"",""Elevar demasiado alto"",""Despegar el pecho del banco""]","[""Asegura estabilidad del banco"",""Elige peso que controle bien"",""Mantén cabeza alineada""]",aislado,Deltoides posterior,"[""Romboides"",""Trapecio"",""Infraespinoso"",""Redondo menor""]","[""Banco inclinado"",""Mancuernas""]","[""Intermedio"",""Avanzado""]",media,hipertrofia,9,"[""gimnasio"",""hombros"",""mancuernas""]","[""elevaciones-posteriores-banco-inclinado"",""elevaciones-posteriores-mancuernas"",""elevaciones-posteriores-sentado-mancuernas""]",https://vz-cddd003b-54d.b-cdn.net/b42d22f7-a4fc-4d78-9930-cc04212a57f9/playlist.m3u8,https://iframe.mediadelivery.net/play/458976/b42d22f7-a4fc-4d78-9930-cc04212a57f9,https://vz-cddd003b-54d.b-cdn.net/b42d22f7-a4fc-4d78-9930-cc04212a57f9/thumbnail.jpg,https://vz-cddd003b-54d.b-cdn.net/b42d22f7-a4fc-4d78-9930-cc04212a57f9/preview.webp?v=1752876844,https://olympo.b-cdn.net/hombros/Elevaciones-Posteriores-Banco-Inclinado.mp4
elevaciones-posteriores-mancuernas,Elevaciones posteriores con mancuernas (bent-over reverse flyes),"Inclina el torso hacia adelante, pies al ancho de hombros, mancuernas colgando bajo los hombros. Eleva los brazos a los lados con ligera flexión de codos hasta que estén paralelos al suelo. Junta los omóplatos arriba. Baja controlado.","[""Aísla el deltoides posterior"",""Fortalece parte alta de la espalda"",""Mejora postura y estabilidad de hombros""]","[""Usar impulso del torso"",""Flexionar excesivamente codos"",""Redondear la espalda baja""]","[""Mantén espalda recta y core activo"",""Usa pesos ligeros/moderados"",""Evita llevar mancuernas demasiado arriba""]",aislado,Deltoides posterior,"[""Romboides"",""Trapecio"",""Infraespinoso"",""Redondo menor""]","[""Mancuernas"",""Banco (opcional)""]","[""Intermedio"",""Avanzado""]",media,hipertrofia,9,"[""gimnasio"",""hombros"",""casa"",""mancuernas""]","[""elevaciones-posteriores-mancuernas"",""elevaciones-posteriores-banco-inclinado"",""elevaciones-posteriores-peck-deck""]",https://vz-cddd003b-54d.b-cdn.net/2ed55d74-7297-4354-9030-7dcbb2a88b05/playlist.m3u8,https://iframe.mediadelivery.net/play/458976/2ed55d74-7297-4354-9030-7dcbb2a88b05,https://vz-cddd003b-54d.b-cdn.net/2ed55d74-7297-4354-9030-7dcbb2a88b05/thumbnail.jpg,https://vz-cddd003b-54d.b-cdn.net/2ed55d74-7297-4354-9030-7dcbb2a88b05/preview.webp?v=1752876742,https://olympo.b-cdn.net/hombros/Elevaciones-Posteriores-Mancuernas.mp4
elevaciones-posteriores-peck-deck,Elevaciones posteriores en peck deck (posición inversa),"Sentado en la peck deck, pecho al respaldo, sujeta los agarres con brazos casi extendidos. Abre los brazos hacia los lados hasta atrás de la línea de los hombros, luego regresa controlado. Movimiento guiado y seguro.","[""Gran aislamiento del deltoides posterior"",""Menor riesgo de impulso"",""Ideal para aprender técnica y bombeo localizado""]","[""Rango de movimiento limitado"",""Usar brazos/bíceps para tirar"",""Mala configuración del asiento""]","[""Ajusta el asiento y brazos de la máquina"",""Evita pesos excesivos"",""Haz repeticiones controladas""]",aislado,Deltoides posterior,"[""Romboides"",""Trapecio"",""Infraespinoso"",""Redondo menor""]","[""Peck deck""]","[""Principiante"",""Intermedio""]",media,hipertrofia,8,"[""gimnasio"",""hombros"",""maquina""]","[""elevaciones-posteriores-peck-deck"",""elevaciones-posteriores-mancuernas"",""elevaciones-posteriores-sentado-mancuernas""]",https://vz-cddd003b-54d.b-cdn.net/4934c180-86e7-465a-8e70-2e0d3f5c50a4/playlist.m3u8,https://iframe.mediadelivery.net/play/458976/4934c180-86e7-465a-8e70-2e0d3f5c50a4,https://vz-cddd003b-54d.b-cdn.net/4934c180-86e7-465a-8e70-2e0d3f5c50a4/thumbnail.jpg,https://vz-cddd003b-54d.b-cdn.net/4934c180-86e7-465a-8e70-2e0d3f5c50a4/preview.webp?v=1752876896,https://olympo.b-cdn.net/hombros/Elevaciones-Posteriores-Peck-Deck.mp4
elevaciones-posteriores-sentado-mancuernas,Elevaciones posteriores con mancuerna sentado,"Siéntate en el borde de un banco plano con una mancuerna en cada mano, torso inclinado hacia adelante y brazos colgando debajo de los hombros. Con una ligera flexión en los codos, eleva ambos brazos hacia los lados en un movimiento semicircular hasta que queden a la altura de los hombros. Evita impulsarte con la espalda y mantén el movimiento controlado. Este ejercicio se enfoca en el deltoides posterior y mejora la estabilidad escapular.","[""Activa el deltoides posterior"",""Mejora la postura"",""Favorece el equilibrio muscular en los hombros""]","[""Impulsarse con la espalda"",""Extender demasiado los codos"",""Elevar los hombros""]","[""Controla el peso"",""Mantén el torso inclinado fijo"",""No uses momentum""]",aislado,Deltoides posterior,"[""Trapecio medio"",""Romboides"",""Infraespinoso""]","[""Mancuernas"",""Banco plano""]","[""Principiante"",""Intermedio"",""Avanzado""]",media,hipertrofia,8,"[""hombros"",""posterior"",""deltoides"",""mancuernas"",""gimnasio"",""aislado""]","[""elevaciones-posteriores-sentado-mancuernas"",""elevaciones-posteriores-mancuernas"",""elevaciones-posteriores-banco-inclinado""]",https://vz-cddd003b-54d.b-cdn.net/b5133e16-2fb8-409d-af3f-0b0094012695/playlist.m3u8,https://iframe.mediadelivery.net/play/458976/b5133e16-2fb8-409d-af3f-0b0094012695,https://vz-cddd003b-54d.b-cdn.net/b5133e16-2fb8-409d-af3f-0b0094012695/thumbnail.jpg,https://vz-cddd003b-54d.b-cdn.net/b5133e16-2fb8-409d-af3f-0b0094012695/preview.webp?v=1752876956,https://olympo.b-cdn.net/hombros/Elevaciones-Posteriores-Sentado-Mancuernas.mp4
elevaciones-posteriores-unilateral-polea,Elevaciones posteriores en polea baja (unilateral o con cruce),"De pie, frente a la polea baja, cruza el brazo por delante del cuerpo y tira del cable hacia fuera y atrás con codo ligeramente flexionado. Mantén el torso estable y evita impulso. Permite tensión constante y buen aislamiento.","[""Tensión constante sobre el deltoides posterior"",""Permite modificar ángulo y altura"",""Mejora conexión mente-músculo""]","[""Usar peso excesivo y perder la forma"",""Convertirlo en remo"",""Rotar o usar el torso para ayudar""]","[""Activa core y espalda"",""Selecciona peso controlable"",""Evita movimientos bruscos""]",aislado,Deltoides posterior,"[""Romboides"",""Trapecio"",""Infraespinoso"",""Redondo menor"",""Deltoides lateral""]","[""Polea baja"",""Mango""]","[""Intermedio"",""Avanzado""]",media,hipertrofia,9,"[""gimnasio"",""hombros"",""polea""]","[""elevaciones-posteriores-unilateral-polea"",""elevaciones-posteriores-mancuernas"",""elevaciones-posteriores-peck-deck""]",https://vz-cddd003b-54d.b-cdn.net/c699a067-2b5a-4bbd-9b84-af6d230985ca/playlist.m3u8,https://iframe.mediadelivery.net/play/458976/c699a067-2b5a-4bbd-9b84-af6d230985ca,https://vz-cddd003b-54d.b-cdn.net/c699a067-2b5a-4bbd-9b84-af6d230985ca/thumbnail.jpg,https://vz-cddd003b-54d.b-cdn.net/c699a067-2b5a-4bbd-9b84-af6d230985ca/preview.webp?v=1752876998,https://olympo.b-cdn.net/hombros/Elevaciones-Posteriores-Unilateral-Polea.mp4
elevaciones-y-banco-inclinado,Elevaciones Y en banco inclinado,"Acostado boca abajo en banco inclinado, eleva mancuernas ligeras en ángulo de 30-45º formando una Y con brazos y torso. Controla el movimiento y enfoca en trapecio inferior y medio. Excelente para salud de hombro y postura.","[""Activa trapecio inferior y medio"",""Mejora estabilidad escapular"",""Beneficia salud del hombro""]","[""Usar mucho peso"",""Encoger hombros"",""Arquear la espalda""]","[""Peso muy ligero"",""Inicia moviendo omóplatos"",""Brazos casi rectos""]",funcional,Trapecio,"[""Deltoides posterior"",""Romboides"",""Manguito rotador"",""Serrato anterior""]","[""Banco inclinado"",""Mancuernas ligeras""]","[""Intermedio"",""Avanzado""]",baja,hipertrofia,9,"[""hombros"",""movilidad"",""bajo impacto"",""gimnasio""]","[""elevaciones-y-banco-inclinado"",""remo-apoyado"",""elevaciones-l""]",https://vz-cddd003b-54d.b-cdn.net/8c598df9-3538-47c2-ba57-2f1475b4ec00/playlist.m3u8,https://iframe.mediadelivery.net/play/458976/8c598df9-3538-47c2-ba57-2f1475b4ec00,https://vz-cddd003b-54d.b-cdn.net/8c598df9-3538-47c2-ba57-2f1475b4ec00/thumbnail.jpg,https://vz-cddd003b-54d.b-cdn.net/8c598df9-3538-47c2-ba57-2f1475b4ec00/preview.webp?v=1752877039,https://olympo.b-cdn.net/hombros/Elevaciones-Y-Banco-Inclinado.mp4
encogimientos-mancuernas,Encogimientos de hombros con mancuernas,"De pie con mancuernas a los lados o barra al frente, eleva los hombros verticalmente hacia las orejas sin usar impulso. Mantén el core activo y el movimiento controlado. Excelente para el desarrollo de trapecios.","[""Desarrolla masa y fuerza de trapecios"",""Mejora estabilidad escapular"",""Fortalece el agarre""]","[""Rodar los hombros"",""Usar impulso o flexionar codos"",""Movimiento rápido y sin control""]","[""No uses cargas excesivas"",""Movimiento vertical estricto"",""Consulta a un profesional si tienes lesiones de cuello""]",aislado,Trapecio,"[""Romboides"",""Deltoides"",""Elevador de la escápula"",""Antebrazos""]","[""Mancuernas""]","[""Principiante"",""Intermedio"",""Avanzado""]",media,hipertrofia,8,"[""gimnasio"",""espalda"",""hombros"",""bajo impacto""]","[""shrugs-barra-detras"",""encogimientos-mancuernas""]",https://vz-cddd003b-54d.b-cdn.net/40491d97-1a7d-4b77-8834-d59926ace8e4/playlist.m3u8,https://iframe.mediadelivery.net/play/458976/40491d97-1a7d-4b77-8834-d59926ace8e4,https://vz-cddd003b-54d.b-cdn.net/40491d97-1a7d-4b77-8834-d59926ace8e4/thumbnail.jpg,https://vz-cddd003b-54d.b-cdn.net/40491d97-1a7d-4b77-8834-d59926ace8e4/preview.webp?v=1752875452,https://olympo.b-cdn.net/espalda/Encogimientos-Mancuernas.mp4
extension-triceps-cuerda,Jalón de tríceps en polea alta con cuerda,"De pie frente a la polea alta, sujeta los extremos de la cuerda con palmas enfrentadas. Extiende los codos llevando los extremos hacia afuera y abajo, apretando los tríceps al final. Controla la subida y mantén los codos pegados al cuerpo.","[""Alta activación de la cabeza lateral del tríceps"",""Permite separar los extremos para mayor contracción"",""Buen estímulo para hipertrofia y definición""]","[""Separar los codos del cuerpo"",""Usar impulso con el torso"",""No controlar la subida de la cuerda""]","[""Mantén los codos pegados al torso"",""Selecciona un peso adecuado"",""Controla ambas fases del movimiento""]",aislado,Tríceps braquial,"[""Ancóneo""]","[""Polea alta"",""Cuerda""]","[""Principiante"",""Intermedio"",""Avanzado""]",media,hipertrofia,9,"[""gimnasio"",""brazos""]","[""jalon-triceps-barra-recta"",""extension-triceps-por-encima-cabeza-cuerda"",""extension-triceps-por-encima-cabeza-barra""]",https://vz-cddd003b-54d.b-cdn.net/9506befc-4d2b-45bb-8f5c-24c8c4677c1a/playlist.m3u8,https://iframe.mediadelivery.net/play/458976/9506befc-4d2b-45bb-8f5c-24c8c4677c1a,https://vz-cddd003b-54d.b-cdn.net/9506befc-4d2b-45bb-8f5c-24c8c4677c1a/thumbnail.jpg,https://vz-cddd003b-54d.b-cdn.net/9506befc-4d2b-45bb-8f5c-24c8c4677c1a/preview.webp?v=1752882743,https://olympo.b-cdn.net/brazos/Extension-Triceps-Cuerda.mp4
extension-triceps-mancuerna-dos-manos-copa,Extensión de tríceps con mancuerna a dos manos (copa),"De pie o sentado, sostiene una mancuerna con ambas manos, agarrando el disco o el mango por encima de la cabeza. Flexiona los codos para bajar la mancuerna por detrás de la cabeza, manteniendo los codos juntos y los brazos verticales. Extiende los codos para volver a la posición inicial, apretando los tríceps en la parte superior. Controla el movimiento en todo momento y evita que los codos se abran.","[""Gran estiramiento de la cabeza larga del tríceps"",""Ayuda a la forma y tamaño del brazo"",""Solo requiere una mancuerna"",""ideal para cualquier lugar""]","[""Abrir los codos en exceso"",""Mover la parte superior de los brazos"",""Arquear la espalda baja""]","[""Mantén los codos juntos"",""Controla el peso especialmente al bajar"",""Evita golpear la cabeza""]",aislado,Tríceps braquial,"[""Ancóneo"",""Deltoides"",""Pectoral"",""Core""]","[""Mancuerna"",""Banco (opcional)""]","[""Principiante"",""Intermedio""]",media,hipertrofia,9,"[""gimnasio"",""casa"",""brazos""]","[""extension-triceps-por-encima-cabeza-cuerda"",""extension-triceps-por-encima-cabeza-barra"",""patada-triceps-mancuerna""]",https://vz-cddd003b-54d.b-cdn.net/ffc402a3-829a-4370-b6af-43a7eac100f8/playlist.m3u8,https://iframe.mediadelivery.net/play/458976/ffc402a3-829a-4370-b6af-43a7eac100f8,https://vz-cddd003b-54d.b-cdn.net/ffc402a3-829a-4370-b6af-43a7eac100f8/thumbnail.jpg,https://vz-cddd003b-54d.b-cdn.net/ffc402a3-829a-4370-b6af-43a7eac100f8/preview.webp?v=1752882968,https://olympo.b-cdn.net/brazos/Extension-Triceps-Mancuerna-Dos-Manos-Copa.mp4
extension-triceps-pie-barra-z,Extensión de tríceps de pie con barra Z,"De pie, sujeta una barra Z por encima de la cabeza con las palmas hacia adelante o ligeramente enfrentadas. Manteniendo los codos juntos, baja la barra por detrás de la cabeza y luego extiende los codos para volver a la posición inicial. Enfoca el movimiento en la cabeza larga del tríceps.","[""Enfatiza la cabeza larga del tríceps"",""Mejora la masa total del tríceps"",""Agarre cómodo para muñecas""]","[""Abrir los codos excesivamente"",""Mover los brazos hacia adelante/atrás"",""Arquear la espalda baja""]","[""Mantén los codos juntos"",""Controla el peso en todo momento"",""Evita golpear la cabeza o cuello""]",aislado,Tríceps braquial,"[""Ancóneo"",""Deltoides"",""Pectoral"",""Core""]","[""Barra Z"",""Discos""]","[""Intermedio"",""Avanzado""]",media,hipertrofia,9,"[""gimnasio"",""brazos""]","[""press-frances-barra-z"",""extension-triceps-por-encima-cabeza-barra"",""extension-triceps-mancuerna-dos-manos-copa""]",https://vz-cddd003b-54d.b-cdn.net/ffb28c96-4829-4753-ae08-33ebb671456a/playlist.m3u8,https://iframe.mediadelivery.net/play/458976/ffb28c96-4829-4753-ae08-33ebb671456a,https://vz-cddd003b-54d.b-cdn.net/ffb28c96-4829-4753-ae08-33ebb671456a/thumbnail.jpg,https://vz-cddd003b-54d.b-cdn.net/ffb28c96-4829-4753-ae08-33ebb671456a/preview.webp?v=1752882073,https://olympo.b-cdn.net/brazos/Extension-Triceps-Pie-Barra-Z.mp4
extension-triceps-polea-banco-inclinado,Extensión de tríceps en polea con banco inclinado,"Coloca un banco inclinado (30-60 grados) de espaldas a una polea baja. Acuéstate boca arriba, sujeta el accesorio (barra o cuerda) y extiéndelo por encima de la cabeza. Flexiona los codos para bajar el accesorio detrás de la cabeza, manteniendo los codos apuntando hacia el techo. Extiende los brazos para regresar a la posición inicial, apretando los tríceps arriba. Aprovecha la tensión constante del cable y controla el movimiento en todo momento.","[""Gran estiramiento y activación de la cabeza larga del tríceps"",""Tensión continua durante todo el recorrido"",""Alternativa amigable para los codos respecto a la barra libre""]","[""Abrir los codos hacia los lados"",""Mover los brazos superiores"",""No completar el rango de movimiento""]","[""Asegura que el banco esté estable y bien posicionado"",""Mantén los codos estables"",""Controla el peso especialmente al bajar""]",aislado,Tríceps braquial,"[""Ancóneo""]","[""Polea baja"",""Banco inclinado"",""Barra recta o Z"",""Cuerda""]","[""Intermedio"",""Avanzado""]",media,hipertrofia,9,"[""gimnasio"",""brazos""]","[""extension-triceps-por-encima-cabeza-cuerda"",""extension-triceps-cuerda"",""fondos-triceps-maquina-especifica""]",https://vz-cddd003b-54d.b-cdn.net/d85abe26-b105-4fdc-b885-f3b7e5ab0a3a/playlist.m3u8,https://iframe.mediadelivery.net/play/458976/d85abe26-b105-4fdc-b885-f3b7e5ab0a3a,https://vz-cddd003b-54d.b-cdn.net/d85abe26-b105-4fdc-b885-f3b7e5ab0a3a/thumbnail.jpg,https://vz-cddd003b-54d.b-cdn.net/d85abe26-b105-4fdc-b885-f3b7e5ab0a3a/preview.webp?v=1752883012,https://olympo.b-cdn.net/brazos/Extension-Triceps-Polea-Banco-Inclinado.mp4
extension-triceps-por-encima-cabeza-barra,Extensión de tríceps por encima de la cabeza en polea,"De espaldas a la polea alta, sujeta una cuerda o barra por encima y detrás de la cabeza, codos apuntando al techo. Extiende los codos para llevar el accesorio hacia arriba y ligeramente adelante, manteniendo los codos juntos y el core activado. Controla la bajada y evita arquear la espalda.","[""Máximo estiramiento de la cabeza larga del tríceps"",""Alta activación y contracción del tríceps"",""Buen estímulo para tamaño y forma del tríceps""]","[""Abrir los codos excesivamente"",""Mover los brazos superiores"",""Arquear la espalda baja""]","[""Mantén los codos juntos"",""Controla el peso especialmente al bajar"",""Activa el core para la estabilidad""]",aislado,Tríceps braquial,"[""Ancóneo"",""Core""]","[""Polea alta"",""Cuerda o barra corta""]","[""Intermedio"",""Avanzado""]",media,hipertrofia,9,"[""gimnasio"",""brazos""]","[""extension-triceps-por-encima-cabeza-cuerda"",""extension-triceps-pie-barra-z"",""press-frances-banco-inclinado""]",https://vz-cddd003b-54d.b-cdn.net/0e9d5b7f-6dfb-4017-bc03-e864fb4435cd/playlist.m3u8,https://iframe.mediadelivery.net/play/458976/0e9d5b7f-6dfb-4017-bc03-e864fb4435cd,https://vz-cddd003b-54d.b-cdn.net/0e9d5b7f-6dfb-4017-bc03-e864fb4435cd/thumbnail_503ad278.jpg,https://vz-cddd003b-54d.b-cdn.net/0e9d5b7f-6dfb-4017-bc03-e864fb4435cd/preview.webp?v=1771993440,https://olympo.b-cdn.net/brazos/Extension-Triceps-Por-Encima-Cabeza-Barra.mp4
extension-triceps-por-encima-cabeza-cuerda,Extensión de tríceps por encima de la cabeza en polea,"De espaldas a la polea alta, sujeta una cuerda o barra por encima y detrás de la cabeza, codos apuntando al techo. Extiende los codos para llevar el accesorio hacia arriba y ligeramente adelante, manteniendo los codos juntos y el core activado. Controla la bajada y evita arquear la espalda.","[""Máximo estiramiento de la cabeza larga del tríceps"",""Alta activación y contracción del tríceps"",""Buen estímulo para tamaño y forma del tríceps""]","[""Abrir los codos excesivamente"",""Mover los brazos superiores"",""Arquear la espalda baja""]","[""Mantén los codos juntos"",""Controla el peso especialmente al bajar"",""Activa el core para la estabilidad""]",aislado,Tríceps braquial,"[""Ancóneo"",""Core""]","[""Polea alta"",""Cuerda o barra corta""]","[""Intermedio"",""Avanzado""]",media,hipertrofia,9,"[""gimnasio"",""brazos""]","[""extension-triceps-por-encima-cabeza-barra"",""extension-triceps-cuerda"",""extension-triceps-mancuerna-dos-manos-copa""]",https://vz-cddd003b-54d.b-cdn.net/98f95db1-45fd-4d9f-b7eb-9b53d842fe94/playlist.m3u8,https://iframe.mediadelivery.net/play/458976/98f95db1-45fd-4d9f-b7eb-9b53d842fe94,https://vz-cddd003b-54d.b-cdn.net/98f95db1-45fd-4d9f-b7eb-9b53d842fe94/thumbnail_94900668.jpg,https://vz-cddd003b-54d.b-cdn.net/98f95db1-45fd-4d9f-b7eb-9b53d842fe94/preview.webp?v=1771993607,https://olympo.b-cdn.net/brazos/Extension-Triceps-Por-Encima-Cabeza-Cuerda.mp4
extension-triceps-unilateral,Extensión de tríceps unilateral,"De pie o sentado, sostiene una mancuerna con una mano por encima de la cabeza. Baja la mancuerna flexionando el codo por detrás de la cabeza, manteniendo el codo apuntando al techo y fijo. Extiende el brazo para volver a la posición inicial, concentrando la fuerza en el tríceps. Puedes usar la mano libre para estabilizar el codo.","[""Aísla y corrige desequilibrios entre brazos"",""Gran énfasis en la cabeza larga del tríceps"",""Mejora la estabilidad y control unilateral""]","[""Mover el codo o la parte superior del brazo"",""Usar impulso del torso"",""No completar el rango de movimiento""]","[""Mantén el codo estable"",""Controla el peso en todo momento"",""Evita golpear la cabeza""]",aislado,Tríceps braquial,"[""Ancóneo"",""Deltoides"",""Pectoral"",""Core""]","[""Mancuerna""]","[""Intermedio"",""Avanzado""]",media,hipertrofia,8,"[""gimnasio"",""casa"",""brazos""]","[""patada-triceps-mancuerna"",""jalon-unilateral-mango"",""extension-triceps-mancuerna-dos-manos-copa""]",https://vz-cddd003b-54d.b-cdn.net/36279f27-0905-4ee2-8c82-4e942e31d70a/playlist.m3u8,https://iframe.mediadelivery.net/play/458976/36279f27-0905-4ee2-8c82-4e942e31d70a,https://vz-cddd003b-54d.b-cdn.net/36279f27-0905-4ee2-8c82-4e942e31d70a/thumbnail.jpg,https://vz-cddd003b-54d.b-cdn.net/36279f27-0905-4ee2-8c82-4e942e31d70a/preview.webp?v=1752883094,https://olympo.b-cdn.net/brazos/Extension-Triceps-Unilateral.mp4
extensiones-cuadriceps,Extensión de pierna en máquina,"Sentado en la máquina de extensión de piernas, ajusta el respaldo y la almohadilla en la parte baja de las espinillas. Extiende las piernas hasta casi bloquear las rodillas y baja de forma controlada. Mantén el core activo y evita impulso. Es un ejercicio de aislamiento de cuádriceps, ideal para finalizar la rutina o rehabilitar.","[""Aislamiento efectivo de cuádriceps"",""Permite trabajo hasta la fatiga"",""Útil en rehabilitación""]","[""Levantarse del asiento"",""Impulsar el peso"",""Bloquear las rodillas bruscamente""]","[""Controla el peso y el movimiento"",""Ajusta bien la máquina"",""Reduce peso si hay molestias en rodilla""]",aislado,Cuádriceps,[],"[""Máquina de extensión de pierna""]","[""Principiante"",""Intermedio"",""Avanzado""]",media,hipertrofia,7,"[""gimnasio"",""piernas"",""maquina"",""bajo impacto""]","[""extensiones-cuadriceps"",""prensa-pierna"",""sentadilla-maquina""]",https://vz-cddd003b-54d.b-cdn.net/8f9f755c-f03d-4171-bf89-3e7f141133fb/playlist.m3u8,https://iframe.mediadelivery.net/play/458976/8f9f755c-f03d-4171-bf89-3e7f141133fb,https://vz-cddd003b-54d.b-cdn.net/8f9f755c-f03d-4171-bf89-3e7f141133fb/thumbnail.jpg,https://vz-cddd003b-54d.b-cdn.net/8f9f755c-f03d-4171-bf89-3e7f141133fb/preview.webp?v=1771995299,https://olympo.b-cdn.net/piernas/Extensiones-Cuadriceps.MOV
face-pull,Face Pull en polea alta con cuerda,"Frente a la polea alta, sujeta la cuerda y tira de los extremos hacia la cara, separando manos y codos hacia afuera. Mantén codos altos y aprieta omóplatos arriba. Mejora salud articular y trabaja rotadores externos.","[""Fortalece deltoides posterior y rotadores externos"",""Mejora postura y salud del hombro"",""Previene lesiones por desbalances de empuje""]","[""Usar demasiado peso y tirar con bíceps"",""No llevar codos altos/atrás"",""Encorvar o elevar hombros""]","[""Comienza con peso ligero"",""Tira con los codos"",""no solo con las manos"",""Activa core y mantén control del movimiento""]",aislado,Deltoides posterior,"[""Trapecio"",""Romboides"",""Rotadores externos"",""Deltoides lateral""]","[""Polea alta"",""Cuerda""]","[""Intermedio"",""Avanzado""]",media,hipertrofia,9,"[""gimnasio"",""hombros"",""polea"",""rehabilitacion""]","[""face-pull"",""reverse-cable-crossover"",""reverse-peck-deck-polea-parado""]",https://vz-cddd003b-54d.b-cdn.net/e2d20446-49dc-4b44-9679-dc074e6dc3c9/playlist.m3u8,https://iframe.mediadelivery.net/play/458976/e2d20446-49dc-4b44-9679-dc074e6dc3c9,https://vz-cddd003b-54d.b-cdn.net/e2d20446-49dc-4b44-9679-dc074e6dc3c9/thumbnail.jpg,https://vz-cddd003b-54d.b-cdn.net/e2d20446-49dc-4b44-9679-dc074e6dc3c9/preview.webp?v=1752877212,https://olympo.b-cdn.net/hombros/Face-Pull.mp4
flexiones-cerradas,Flexiones con agarre cerrado,"En posición de plancha alta, coloca las manos justo debajo de los hombros o más juntas. Baja el pecho al suelo manteniendo los codos pegados al torso. Empuja para volver a la posición inicial, apretando tríceps y pecho interno arriba. Mantén el cuerpo alineado y el core activado. Modifica la dificultad apoyando rodillas, pies elevados o manos elevadas.","[""Alta activación de tríceps y pecho interno"",""No requiere equipo"",""Mejora fuerza funcional y estabilidad de core""]","[""Separar los codos"",""Dejar caer las caderas o arquear la espalda"",""No usar todo el rango de movimiento""]","[""Mantén los codos pegados al torso"",""Ajusta el agarre si hay dolor en muñecas"",""Activa el core durante todo el movimiento""]",compuesto,Tríceps braquial,"[""Pectoral mayor"",""Deltoides anterior"",""Serrato anterior"",""Core""]","[""Suelo"",""Esterilla (opcional)""]","[""Intermedio"",""Avanzado""]",media,hipertrofia,9,"[""casa"",""gimnasio"",""brazos"",""pecho""]","[""fondos-banco"",""press-tate"",""patada-triceps-mancuerna""]",https://vz-cddd003b-54d.b-cdn.net/3e91be52-52db-4e80-8876-de281d0c1d78/playlist.m3u8,https://iframe.mediadelivery.net/play/458976/3e91be52-52db-4e80-8876-de281d0c1d78,https://vz-cddd003b-54d.b-cdn.net/3e91be52-52db-4e80-8876-de281d0c1d78/thumbnail.jpg,https://vz-cddd003b-54d.b-cdn.net/3e91be52-52db-4e80-8876-de281d0c1d78/preview.webp?v=1752883136,https://olympo.b-cdn.net/brazos/Flexiones-Cerradas.mp4
fondos-asistidos-maquina,Fondos asistidos en máquina,Ajusta el peso de asistencia en la máquina y coloca las rodillas o pies sobre la plataforma. Sujeta las barras laterales con un agarre firme y desciende lentamente flexionando los codos hasta que los brazos formen un ángulo de 90°. Luego empuja hacia arriba extendiendo los brazos sin bloquear los codos. Ideal para aprender la técnica de los fondos con control y soporte.,"[""Permite entrenar fondos con asistencia progresiva"",""Ideal para principiantes o recuperación"",""Ayuda a mejorar fuerza y técnica en tríceps y pectorales""]","[""No controlar la bajada"",""Usar impulso en lugar de fuerza muscular"",""Exceso o falta de asistencia""]","[""Ajusta la asistencia según tu nivel"",""Mantén el torso erguido"",""Evita bloquear los codos en la extensión""]",Compuesto,Tríceps braquial,"[""Pectoral mayor"",""Deltoides anterior""]","[""Máquina de fondos asistidos""]","[""Principiante"",""Intermedio"",""Avanzado""]",media,hipertrofia,8,"[""gimnasio"",""brazos"",""maquina""]","[""fondos-banco"",""fondos-triceps-maquina-especifica""]",https://vz-cddd003b-54d.b-cdn.net/1f2d91d0-fe2c-4ab1-ac32-8b0285c2b914/playlist.m3u8,https://iframe.mediadelivery.net/play/458976/1f2d91d0-fe2c-4ab1-ac32-8b0285c2b914,https://vz-cddd003b-54d.b-cdn.net/1f2d91d0-fe2c-4ab1-ac32-8b0285c2b914/thumbnail.jpg,https://vz-cddd003b-54d.b-cdn.net/1f2d91d0-fe2c-4ab1-ac32-8b0285c2b914/preview.webp?v=1761113793,https://olympo.b-cdn.net/brazos/Fondos-Asistidos-Maquina.MOV
fondos-banco,Fondos en banco,"Sentado en el borde de un banco, coloca las manos a los lados de las caderas y apoya los talones en el suelo o en otro banco. Desliza los glúteos fuera del banco, baja flexionando los codos y mantén la espalda cerca del banco. Sube extendiendo los codos y aprieta los tríceps arriba. Puedes aumentar la dificultad elevando los pies o añadiendo lastre.","[""Desarrolla fuerza y masa de tríceps"",""Progresión fácil (pies en el suelo"",""elevados o con peso)"",""Se puede hacer en casi cualquier lugar""]","[""Encoger los hombros hacia adelante"",""Alejar los glúteos del banco"",""No usar todo el rango de movimiento""]","[""Mantén la espalda y glúteos cerca del banco"",""Evita dolor en los hombros"",""No bajes más allá de codos a 90°""]",compuesto,Tríceps braquial,"[""Deltoides anterior"",""Pectoral mayor"",""Músculos del antebrazo""]","[""Banco plano"",""Discos (opcional)""]","[""Principiante"",""Intermedio"",""Avanzado""]",media,hipertrofia,8,"[""gimnasio"",""casa"",""brazos""]","[""press-tate"",""fondos-triceps-maquina-especifica"",""flexiones-cerradas""]",https://vz-cddd003b-54d.b-cdn.net/fba7e133-6dc5-4523-8bc9-93a9519544a2/playlist.m3u8,https://iframe.mediadelivery.net/play/458976/fba7e133-6dc5-4523-8bc9-93a9519544a2,https://vz-cddd003b-54d.b-cdn.net/fba7e133-6dc5-4523-8bc9-93a9519544a2/thumbnail.jpg,https://vz-cddd003b-54d.b-cdn.net/fba7e133-6dc5-4523-8bc9-93a9519544a2/preview.webp?v=1752883219,https://olympo.b-cdn.net/brazos/Fondos-Banco.mp4
fondos-triceps-maquina-especifica,fondos en máquina específica,"Sentado en la máquina de extensión de tríceps, ajusta el asiento y apoya los brazos en las almohadillas si las hay. Sujeta las agarraderas con palmas hacia abajo o neutras y extiende los codos para empujar las agarraderas hasta estirar los brazos. Controla el retorno y concéntrate en aislar el tríceps durante todo el movimiento.","[""Aislamiento alto del tríceps"",""Fácil de aprender y seguro"",""Permite concentrarse en la contracción muscular""]","[""Ajuste incorrecto de la máquina"",""Levantar los codos de los apoyos"",""Hacer repeticiones demasiado rápidas""]","[""Ajusta la máquina a tu medida"",""Comienza con poco peso"",""Evita bloquear los codos bruscamente""]",aislado,Tríceps braquial,"[""Ancóneo""]","[""Máquina de extensión de tríceps""]","[""Principiante"",""Intermedio"",""Avanzado""]",media,hipertrofia,8,"[""gimnasio"",""brazos""]","[""fondos-banco"",""press-cerrado-smith"",""press-cerrado-mancuernas""]",https://vz-cddd003b-54d.b-cdn.net/3491c903-8b30-4c60-b263-5146df164d7f/playlist.m3u8,https://iframe.mediadelivery.net/play/458976/3491c903-8b30-4c60-b263-5146df164d7f,https://vz-cddd003b-54d.b-cdn.net/3491c903-8b30-4c60-b263-5146df164d7f/thumbnail.jpg,https://vz-cddd003b-54d.b-cdn.net/3491c903-8b30-4c60-b263-5146df164d7f/preview.webp?v=1752883292,https://olympo.b-cdn.net/brazos/Fondos-Triceps-Maquina-Especifica.mp4
hack-total-vertical-pimpos,Hack Total Vertical Pimpos,"Ubica los hombros bajo los cojines de la máquina Hack Total Vertical, anclada a la pared. Los pies van en una plataforma alineada y el movimiento es completamente vertical. Desciende lentamente flexionando rodillas y caderas mientras mantienes el torso recto y el core activado. El rango vertical del movimiento permite un alto enfoque en los cuádriceps, reduciendo la carga en la espalda baja.","[""Aislamiento profundo del cuádriceps"",""Menor impacto en la zona lumbar"",""Ideal para hipertrofia controlada""]","[""Empujar con los talones fuera de la plataforma"",""Flexionar el cuello"",""Usar rebote para subir""]","[""No bloquees las rodillas al subir"",""Evita sobrecargar sin dominar la técnica"",""Mantén el torso pegado al respaldo""]",compuesto,Cuádriceps,"[""Glúteos"",""Core""]","[""Hack Total Vertical Pimpos""]","[""Intermedio"",""Avanzado""]",alta,hipertrofia,9,"[""piernas"",""cuádriceps"",""gimnasio"",""hack"",""vertical""]","[""hack-total-vertical-pimpos"",""sentadilla-hack"",""sentadilla-hack-eje""]",https://vz-cddd003b-54d.b-cdn.net/86e9c4ba-9696-41d3-ac2f-2b176c0c952a/playlist.m3u8,https://iframe.mediadelivery.net/play/458976/86e9c4ba-9696-41d3-ac2f-2b176c0c952a,https://vz-cddd003b-54d.b-cdn.net/86e9c4ba-9696-41d3-ac2f-2b176c0c952a/thumbnail_1e795fc3.jpg,https://vz-cddd003b-54d.b-cdn.net/86e9c4ba-9696-41d3-ac2f-2b176c0c952a/preview.webp?v=1761098330,https://olympo.b-cdn.net/piernas/Hack-Total-Vertical-Pimpos.MP4
hammer-pecho-declinado,Press de pecho en máquina sentado declinado,"Utiliza la máquina de press declinado ajustando el asiento para que los agarres estén alineados con la parte baja del pecho. Empuja hacia adelante y abajo, controlando la subida y bajada. Es ideal para enfatizar el pectoral inferior.","[""Enfoca el trabajo en el pectoral inferior"",""Reduce tensión en hombros"",""Ideal para variar el estímulo de pecho""]","[""Despegar la espalda del respaldo"",""No ajustar bien el asiento"",""Movimiento descontrolado""]","[""Ajuste correcto de máquina"",""Peso controlado"",""No uses impulso""]",compuesto,Pectoral mayor,"[""Deltoides anterior"",""Tríceps braquial""]","[""Máquina de press declinado""]","[""Intermedio"",""Avanzado""]",media,hipertrofia,8,"[""gimnasio"",""pecho"",""maquina""]","[""hammer-pecho-declinado"",""hammer-strength-press-declinado"",""press-banca-mancuernas-declinado""]",https://vz-cddd003b-54d.b-cdn.net/46c4508c-37ba-43ec-be1d-bde9a4f8dd55/playlist.m3u8,https://iframe.mediadelivery.net/play/458976/46c4508c-37ba-43ec-be1d-bde9a4f8dd55,https://vz-cddd003b-54d.b-cdn.net/46c4508c-37ba-43ec-be1d-bde9a4f8dd55/thumbnail_48306481.jpg,https://vz-cddd003b-54d.b-cdn.net/46c4508c-37ba-43ec-be1d-bde9a4f8dd55/preview.webp?v=1761160787,https://olympo.b-cdn.net/pecho/Hammer-Pecho-Declinado.MOV
hammer-pecho-inclinado,Press de pecho en máquina sentado inclinado,"Ajusta el asiento de la máquina de press inclinado para que los agarres queden a la altura del pecho superior. Empuja hacia adelante y arriba en un ángulo de 30-45°, controlando la subida y bajada. Ideal para trabajar la parte superior del pectoral.","[""Desarrolla el pectoral superior"",""Mejora fuerza y estética del torso"",""Guía el movimiento para evitar errores""]","[""No ajustar bien el respaldo"",""Bloquear codos en la extensión"",""Perder la postura en la bajada""]","[""Ajuste correcto de asiento"",""Peso adecuado para el control"",""No uses impulso""]",compuesto,Pectoral mayor,"[""Deltoides anterior"",""Tríceps braquial""]","[""Máquina de press inclinado""]","[""Intermedio"",""Avanzado""]",media,hipertrofia,8,"[""gimnasio"",""pecho"",""maquina""]","[""hammer-pecho-inclinado"",""hammer-strength-press-inclinado"",""press-banca-mancuernas-inclinado""]",https://vz-cddd003b-54d.b-cdn.net/2e0e5958-b179-4d41-9113-8d9d6a4146b9/playlist.m3u8,https://iframe.mediadelivery.net/play/458976/2e0e5958-b179-4d41-9113-8d9d6a4146b9,https://vz-cddd003b-54d.b-cdn.net/2e0e5958-b179-4d41-9113-8d9d6a4146b9/thumbnail.jpg,https://vz-cddd003b-54d.b-cdn.net/2e0e5958-b179-4d41-9113-8d9d6a4146b9/preview.webp?v=1771994200,https://olympo.b-cdn.net/pecho/Hammer-Pecho-Inclinado.MOV
hammer-pecho-plano,Press de pecho en máquina sentado plano,"acuestate en el equipo de press plano, ajusta el asiento para que los agarres estén al nivel del centro del pecho. Sujeta las asas con palmas al frente, empuja hacia adelante hasta casi extender los codos, sin bloquear. Controla la bajada y mantén la espalda pegada al respaldo.","[""Permite trabajo seguro y guiado"",""Aísla el pectoral mayor"",""Ideal para todos los niveles""]","[""Despegar la espalda del respaldo"",""Abrir codos en exceso"",""No controlar la bajada""]","[""Ajusta el asiento correctamente"",""No uses demasiado peso de inicio"",""Mantén control en todo el movimiento""]",compuesto,Pectoral mayor,"[""Deltoides anterior"",""Tríceps braquial""]","[""Máquina de press sentado""]","[""Principiante"",""Intermedio"",""Avanzado""]",media,hipertrofia,8,"[""gimnasio"",""pecho"",""maquina""]","[""hammer-pecho-plano"",""hammer-strength-press-plano"",""press-banca-mancuernas-plano""]",https://vz-cddd003b-54d.b-cdn.net/d9378529-7e56-41cb-a2e7-010671eb5d20/playlist.m3u8,https://iframe.mediadelivery.net/play/458976/d9378529-7e56-41cb-a2e7-010671eb5d20,https://vz-cddd003b-54d.b-cdn.net/d9378529-7e56-41cb-a2e7-010671eb5d20/thumbnail.jpg,https://vz-cddd003b-54d.b-cdn.net/d9378529-7e56-41cb-a2e7-010671eb5d20/preview.webp?v=1761160957,https://olympo.b-cdn.net/pecho/Hammer-Pecho-Plano.MOV
hammer-strength-press-declinado,Press de pecho en máquina hammer declinado,"Utiliza la máquina Hammer Strength en posición declinada, apoyando la espalda y pies firmes. Los agarres deben estar alineados con la parte baja del pecho. Empuja en dirección descendente, sin bloquear los codos. Aísla la zona inferior del pectoral.","[""Desarrolla la parte baja del pectoral"",""Reduce carga sobre los hombros"",""Movimiento estable y seguro""]","[""Despegar la espalda del banco"",""Abrir codos en exceso"",""No controlar la bajada""]","[""Mantén espalda pegada"",""Ajusta bien el banco"",""No uses impulso""]",compuesto,Pectoral mayor,"[""Deltoides anterior"",""Tríceps braquial""]","[""Máquina Hammer Strength""]","[""Intermedio"",""Avanzado""]",media,hipertrofia,7,"[""gimnasio"",""pecho"",""maquina""]","[""hammer-strength-press-declinado"",""hammer-pecho-declinado"",""press-banca-mancuernas-declinado""]",https://vz-cddd003b-54d.b-cdn.net/a565dfd2-c446-4646-b0fd-ff0c43158c99/playlist.m3u8,https://iframe.mediadelivery.net/play/458976/a565dfd2-c446-4646-b0fd-ff0c43158c99,https://vz-cddd003b-54d.b-cdn.net/a565dfd2-c446-4646-b0fd-ff0c43158c99/thumbnail_3684c7d9.jpg,https://vz-cddd003b-54d.b-cdn.net/a565dfd2-c446-4646-b0fd-ff0c43158c99/preview.webp?v=1761160569,https://olympo.b-cdn.net/pecho/Hammer-Strength-Press-Declinado.MOV
hammer-strength-press-inclinado,Press de pecho en máquina hammer inclinado,"Ajusta el asiento de la máquina Hammer Strength en posición inclinada. Coloca los pies firmes y apoya la espalda. Toma los agarres alineados con la parte alta del pecho y empuja hacia adelante en un ángulo de 30-45°, sin bloquear los codos. Ideal para el desarrollo de la parte superior del pecho.","[""Aumenta masa y fuerza en pectoral superior"",""Reduce estrés en hombros respecto a barra"",""Permite buena progresión de peso""]","[""Despegar la espalda del respaldo"",""Bloquear los codos arriba"",""No ajustar bien el ángulo del banco""]","[""Ajusta bien el asiento e inclinación"",""Mantén control en todo el rango"",""No bloquees los codos""]",compuesto,Pectoral mayor,"[""Deltoides anterior"",""Tríceps braquial""]","[""Máquina Hammer Strength""]","[""Intermedio"",""Avanzado""]",media,hipertrofia,8,"[""gimnasio"",""pecho"",""maquina""]","[""hammer-strength-press-inclinado"",""hammer-pecho-inclinado"",""press-banca-mancuernas-inclinado""]",https://vz-cddd003b-54d.b-cdn.net/35f4bb0c-a8f8-4458-ba49-5ed6d3eccb02/playlist.m3u8,https://iframe.mediadelivery.net/play/458976/35f4bb0c-a8f8-4458-ba49-5ed6d3eccb02,https://vz-cddd003b-54d.b-cdn.net/35f4bb0c-a8f8-4458-ba49-5ed6d3eccb02/thumbnail.jpg,https://vz-cddd003b-54d.b-cdn.net/35f4bb0c-a8f8-4458-ba49-5ed6d3eccb02/preview.webp?v=1761159844,https://olympo.b-cdn.net/pecho/hammer-Strength-Press-Inclinado.mp4
hammer-strength-press-plano,Press de pecho en máquina hammer plano,"Siéntate en la máquina Hammer Strength con la espalda bien apoyada y los pies firmes en el suelo. Ajusta la altura del asiento para alinear los agarres con el centro del pecho. Sujeta con palmas hacia adelante y empuja hasta extender casi por completo, sin bloquear los codos. Mantén el control en todo momento. Es excelente para trabajar el pecho de forma segura y simétrica.","[""Desarrolla pectoral mayor con buena carga"",""Aísla el músculo y protege las articulaciones"",""Permite sobrecarga progresiva con estabilidad""]","[""Abrir codos en exceso"",""Despegar la espalda del respaldo"",""Movimiento muy rápido o corto""]","[""Ajusta el asiento correctamente"",""Mantén omóplatos pegados al respaldo"",""No bloquees los codos""]",compuesto,Pectoral mayor,"[""Deltoides anterior"",""Tríceps braquial""]","[""Máquina Hammer Strength""]","[""Principiante"",""Intermedio"",""Avanzado""]",media,hipertrofia,8,"[""gimnasio"",""pecho"",""maquina""]","[""hammer-strength-press-plano"",""hammer-pecho-plano"",""press-banca-mancuernas-plano""]",https://vz-cddd003b-54d.b-cdn.net/72465941-4bd2-455d-bf7c-b1e766cadb7f/playlist.m3u8,https://iframe.mediadelivery.net/play/458976/72465941-4bd2-455d-bf7c-b1e766cadb7f,https://vz-cddd003b-54d.b-cdn.net/72465941-4bd2-455d-bf7c-b1e766cadb7f/thumbnail_bdfc6260.jpg,https://vz-cddd003b-54d.b-cdn.net/72465941-4bd2-455d-bf7c-b1e766cadb7f/preview.webp?v=1761159930,https://olympo.b-cdn.net/pecho/Hammer-Strength-Press-Plano.MOV
hip-thrust-barra,Hip thrust con barra,"Siéntate en el suelo con la espalda alta apoyada en un banco, coloca la barra sobre las caderas. Con los pies en el suelo, empuja las caderas hacia arriba contrayendo glúteos, formando una línea recta de hombros a rodillas. Baja controlado. Es el mejor ejercicio para hipertrofia de glúteos.","[""Máxima activación de glúteos"",""Permite sobrecarga progresiva"",""Transferencia a saltos y sprints""]","[""No extender completamente caderas"",""Hiperextender la espalda"",""Colocar los pies muy lejos o cerca""]","[""Usa almohadilla para la barra"",""Cuida la posición del cuello"",""No sobrecargues sin técnica""]",compuesto,Glúteos,"[""Isquiotibiales"",""Cuádriceps"",""Core""]","[""Barra"",""Banco"",""Discos de peso""]","[""Intermedio"",""Avanzado""]",alta,hipertrofia,10,"[""gimnasio"",""piernas"",""gluteos"",""barra""]","[""hip-thrust-barra"",""hip-thrust-maquina"",""puente-gluteo""]",https://vz-cddd003b-54d.b-cdn.net/44d2a6fe-4f42-4063-ad9d-8cb8cb9eb66b/playlist.m3u8,https://iframe.mediadelivery.net/play/458976/44d2a6fe-4f42-4063-ad9d-8cb8cb9eb66b,https://vz-cddd003b-54d.b-cdn.net/44d2a6fe-4f42-4063-ad9d-8cb8cb9eb66b/thumbnail.jpg,https://vz-cddd003b-54d.b-cdn.net/44d2a6fe-4f42-4063-ad9d-8cb8cb9eb66b/preview.webp?v=1752892054,https://olympo.b-cdn.net/piernas/Hip-Thrust-Barra.mp4
hip-thrust-maquina,Hip thrust en máquina,"Ajusta la máquina según tu estatura, apoya la espalda alta y coloca el cinturón sobre las caderas. Empuja las caderas hacia arriba contrayendo glúteos, formando una línea recta hombros-rodillas. Baja controlado. Variante más cómoda y estable para desarrollar fuerza y masa en glúteos.","[""Alta activación de glúteos con seguridad"",""Fácil de ajustar y progresar en peso"",""Buena para evitar molestias de barra""]","[""No completar extensión de cadera"",""Ajuste incorrecto de la máquina"",""Movimiento rápido""]","[""Familiarízate con el uso de la máquina"",""Ajusta bien los apoyos y cinturón"",""Empieza con poco peso""]",compuesto,Glúteos,"[""Isquiotibiales"",""Cuádriceps"",""Core""]","[""Máquina de hip thrust""]","[""Principiante"",""Intermedio"",""Avanzado""]",alta,hipertrofia,9,"[""gimnasio"",""piernas"",""maquina"",""gluteos""]","[""hip-thrust-maquina"",""hip-thrust-barra"",""puente-gluteo""]",https://vz-cddd003b-54d.b-cdn.net/0d20257a-cd64-4da0-b600-de0a760866c3/playlist.m3u8,https://iframe.mediadelivery.net/play/458976/0d20257a-cd64-4da0-b600-de0a760866c3,https://vz-cddd003b-54d.b-cdn.net/0d20257a-cd64-4da0-b600-de0a760866c3/thumbnail.jpg,https://vz-cddd003b-54d.b-cdn.net/0d20257a-cd64-4da0-b600-de0a760866c3/preview.webp?v=1761102718,https://olympo.b-cdn.net/piernas/Hip-Thrust-Maquina.MOV
hiperextension-maquina,Hiperextensión en máquina,"Colócate en la máquina de hiperextensión con las caderas apoyadas en el cojín superior y los tobillos sujetos bajo el soporte. Mantén el torso alineado con las piernas, los brazos cruzados sobre el pecho o con las manos detrás de la cabeza. Desciende el torso de forma controlada hasta sentir un estiramiento en la zona lumbar y glúteos, luego eleva el tronco hasta quedar alineado nuevamente sin sobreextender la espalda.","[""Fortalece la zona lumbar"",""Activa glúteos e isquiotibiales"",""Mejora la postura y estabilidad del core""]","[""Subir demasiado el torso"",""Realizar movimientos bruscos"",""No mantener el abdomen firme""]","[""Evita hiperextender la espalda"",""Controla el movimiento en todo momento"",""No uses peso adicional si eres principiante""]",Aislado,Lumbares,"[""Glúteos"",""Isquiotibiales"",""Core""]","[""Máquina de hiperextensión"",""Banco romano""]","[""Principiante"",""Intermedio""]",Media,Fortalecimiento,8,"[""gimnasio"",""espalda-baja"",""maquina"",""core""]","[""hiperextension-maquina"",""peso-muerto-kettlebell"",""peso-muerto-barra"",""peso-muerto-sumo-barra"",""peso-muerto-unilateral-mancuerna""]",https://vz-cddd003b-54d.b-cdn.net/a58a2810-155f-4d3a-810a-2691c46d832e/playlist.m3u8,https://iframe.mediadelivery.net/play/458976/a58a2810-155f-4d3a-810a-2691c46d832e,https://vz-cddd003b-54d.b-cdn.net/a58a2810-155f-4d3a-810a-2691c46d832e/thumbnail.jpg,https://vz-cddd003b-54d.b-cdn.net/a58a2810-155f-4d3a-810a-2691c46d832e/preview.webp?v=1771995194,https://olympo.b-cdn.net/piernas/Hiperextension-Maquina.MOV
jalon-agarre-invertido,Jalón con agarre invertido,"De pie frente a la polea alta, sujeta la barra con palmas hacia arriba (agarre invertido), manos un poco menos que al ancho de hombros. Mantén los codos pegados al torso y extiende los brazos hacia abajo. Aprieta el tríceps en la parte inferior y controla el retorno sin mover los codos.","[""Enfoca el trabajo en la cabeza medial del tríceps"",""Proporciona un estímulo diferente"",""Favorece la fuerza de bloqueo""]","[""Doblar las muñecas bajo la carga"",""Separar los codos del cuerpo"",""Usar impulso con el cuerpo""]","[""Mantén las muñecas rectas"",""Controla el peso y el movimiento"",""Mantén los codos cerca del cuerpo""]",aislado,Tríceps braquial,"[""Ancóneo""]","[""Polea alta"",""Barra recta o barra V""]","[""Intermedio"",""Avanzado""]",media,hipertrofia,8,"[""gimnasio"",""brazos""]","[""jalon-triceps-barra-recta"",""jalon-unilateral-mango"",""extension-triceps-cuerda""]",https://vz-cddd003b-54d.b-cdn.net/a8eabd85-c989-45e8-a7c3-ad7ee5384a3f/playlist.m3u8,https://iframe.mediadelivery.net/play/458976/a8eabd85-c989-45e8-a7c3-ad7ee5384a3f,https://vz-cddd003b-54d.b-cdn.net/a8eabd85-c989-45e8-a7c3-ad7ee5384a3f/thumbnail.jpg,https://vz-cddd003b-54d.b-cdn.net/a8eabd85-c989-45e8-a7c3-ad7ee5384a3f/preview.webp?v=1752883329,https://olympo.b-cdn.net/brazos/Jalon-Agarre-Invertido.mp4
jalon-estrecho-polea,Jalón con agarre estrecho en polea alta,"Siéntate frente a la polea alta, espalda recta y pies apoyados. Usa un agarre cerrado (V-bar, neutro, supino o prono). Tira del agarre verticalmente hacia la parte superior del pecho, llevando los codos cerca del torso. Sube controladamente hasta estirar completamente los brazos, sin encoger los hombros. Mantén el torso firme sin impulso.","[""Desarrolla dorsal central e inferior"",""Mayor rango de movimiento"",""Activa bíceps y braquial intensamente"",""Fácil de progresar""]","[""Balancear el torso"",""No extender los brazos por completo"",""Encoger hombros""]","[""Elige agarre cómodo para tus muñecas"",""Mantén técnica estricta"",""No uses cargas excesivas""]",compuesto,Dorsal ancho,"[""Bíceps braquial"",""Braquial"",""Braquiorradial"",""Romboides"",""Trapecio medio e inferior"",""Deltoides posterior"",""Redondo mayor""]","[""Polea alta"",""Agarre estrecho V-bar o barra""]","[""Principiante"",""Intermedio"",""Avanzado""]",media,hipertrofia,8,"[""gimnasio"",""espalda"",""polea""]","[""jalon-pecho-prono"",""jalon-pecho-supino"",""jalon-estrecho-polea""]",https://vz-cddd003b-54d.b-cdn.net/63b32e60-b768-4e1d-9bde-488982d5342a/playlist.m3u8,https://iframe.mediadelivery.net/play/458976/63b32e60-b768-4e1d-9bde-488982d5342a,https://vz-cddd003b-54d.b-cdn.net/63b32e60-b768-4e1d-9bde-488982d5342a/thumbnail.jpg,https://vz-cddd003b-54d.b-cdn.net/63b32e60-b768-4e1d-9bde-488982d5342a/preview.webp?v=1752875529,https://olympo.b-cdn.net/espalda/Jalon-Estrecho-Polea.mp4
jalon-pecho-maquina-prono,Jalón al pecho en maquina prono,"Siéntate en la máquina de jalón, asegúrate los muslos, espalda recta y core activo. Toma la barra con palmas hacia adelante, ancho mayor al de hombros. Baja la barra controlando el movimiento hasta el pecho alto, llevando los codos hacia abajo y ligeramente atrás. Sube de forma lenta hasta estirar los brazos por completo sin perder la tensión en la espalda. Evita balancear el torso y mantén la retracción escapular.","[""Desarrolla la anchura del dorsal"",""Mejora fuerza de tracción y postura"",""Ideal para aprender técnica de jalón"",""Permite carga progresiva segura""]","[""Usar impulso con el torso"",""Tirar la barra hacia el abdomen"",""Encoger los hombros al tirar""]","[""Evita pesos excesivos"",""Mantén la técnica y retracción escapular"",""Ajusta la máquina a tu altura""]",compuesto,Dorsal ancho,"[""Bíceps braquial"",""Braquial"",""Braquiorradial"",""Romboides"",""Trapecio medio e inferior"",""Deltoides posterior"",""Redondo mayor""]","[""Máquina de jalón al pecho"",""Barra de jalón""]","[""Principiante"",""Intermedio"",""Avanzado""]",media,hipertrofia,8,"[""gimnasio"",""espalda"",""polea"",""maquina""]","[""jalon-pecho-supino"",""jalon-pecho-prono"",""jalon-estrecho-polea""]",https://vz-cddd003b-54d.b-cdn.net/c6584075-6907-4340-8c23-78d11a8a486c/playlist.m3u8,https://iframe.mediadelivery.net/play/458976/c6584075-6907-4340-8c23-78d11a8a486c,https://vz-cddd003b-54d.b-cdn.net/c6584075-6907-4340-8c23-78d11a8a486c/thumbnail.jpg,https://vz-cddd003b-54d.b-cdn.net/c6584075-6907-4340-8c23-78d11a8a486c/preview.webp?v=1761155642,https://olympo.b-cdn.net/pecho/Jalon-Pecho-Maquina-Prono.MOV
jalon-pecho-prono,Jalón al pecho con agarre prono,"Siéntate en la máquina de jalón, asegúrate los muslos, espalda recta y core activo. Toma la barra con palmas hacia adelante, ancho mayor al de hombros. Baja la barra controlando el movimiento hasta el pecho alto, llevando los codos hacia abajo y ligeramente atrás. Sube de forma lenta hasta estirar los brazos por completo sin perder la tensión en la espalda. Evita balancear el torso y mantén la retracción escapular.","[""Desarrolla la anchura del dorsal"",""Mejora fuerza de tracción y postura"",""Ideal para aprender técnica de jalón"",""Permite carga progresiva segura""]","[""Usar impulso con el torso"",""Tirar la barra hacia el abdomen"",""Encoger los hombros al tirar""]","[""Evita pesos excesivos"",""Mantén la técnica y retracción escapular"",""Ajusta la máquina a tu altura""]",compuesto,Dorsal ancho,"[""Bíceps braquial"",""Braquial"",""Braquiorradial"",""Romboides"",""Trapecio medio e inferior"",""Deltoides posterior"",""Redondo mayor""]","[""Máquina de jalón al pecho"",""Barra de jalón""]","[""Principiante"",""Intermedio"",""Avanzado""]",media,hipertrofia,8,"[""gimnasio"",""espalda"",""polea""]","[""jalon-pecho-supino"",""jalon-pecho-prono"",""jalon-estrecho-polea""]",https://vz-cddd003b-54d.b-cdn.net/f499b231-ff7b-476b-b066-12f64fc0fb63/playlist.m3u8,https://iframe.mediadelivery.net/play/458976/f499b231-ff7b-476b-b066-12f64fc0fb63,https://vz-cddd003b-54d.b-cdn.net/f499b231-ff7b-476b-b066-12f64fc0fb63/thumbnail.jpg,https://vz-cddd003b-54d.b-cdn.net/f499b231-ff7b-476b-b066-12f64fc0fb63/preview.webp?v=1771994550,https://olympo.b-cdn.net/espalda/Jalon-Pecho-Prono.MOV
jalon-pecho-supino,Jalón al pecho con agarre supino,"Siéntate en la máquina de jalón, asegúrate los muslos, espalda recta y core activo. Toma la barra con palmas mirando hacia ti, ancho menor al de hombros. Baja la barra controlando el movimiento hasta el pecho alto, llevando los codos hacia abajo. Sube de forma lenta hasta estirar los brazos por completo sin perder la tensión en la espalda. Evita balancear el torso y mantén la retracción escapular.","[""Desarrolla la anchura del dorsal"",""Mejora fuerza de tracción y postura"",""Ideal para aprender técnica de jalón"",""Permite carga progresiva segura""]","[""Usar impulso con el torso"",""Tirar la barra hacia el abdomen"",""Encoger los hombros al tirar""]","[""Evita pesos excesivos"",""Mantén la técnica y retracción escapular"",""Ajusta la máquina a tu altura""]",compuesto,Dorsal ancho,"[""Bíceps braquial"",""Braquial"",""Braquiorradial"",""Romboides"",""Trapecio medio e inferior"",""Deltoides posterior"",""Redondo mayor""]","[""Máquina de jalón al pecho"",""Barra de jalón""]","[""Principiante"",""Intermedio"",""Avanzado""]",media,hipertrofia,8,"[""gimnasio"",""espalda"",""polea""]","[""jalon-pecho-prono"",""jalon-pecho-supino"",""jalon-estrecho-polea""]",https://vz-cddd003b-54d.b-cdn.net/fa707380-e523-4a90-8dec-7513a0f6d482/playlist.m3u8,https://iframe.mediadelivery.net/play/458976/fa707380-e523-4a90-8dec-7513a0f6d482,https://vz-cddd003b-54d.b-cdn.net/fa707380-e523-4a90-8dec-7513a0f6d482/thumbnail.jpg,https://vz-cddd003b-54d.b-cdn.net/fa707380-e523-4a90-8dec-7513a0f6d482/preview.webp?v=1761154303,https://olympo.b-cdn.net/espalda/Jalon-Pecho-Supino.MOV
jalon-triceps-barra-recta,Jalón de tríceps en polea alta con barra recta,"De pie frente a la polea alta, sujeta la barra recta con las palmas hacia abajo y manos al ancho de hombros. Mantén los codos pegados al torso y extiende los brazos hacia abajo hasta bloquear los codos. Controla el retorno sin separar los codos y mantén el core activo.","[""Desarrolla masa y definición del tríceps"",""Alta tensión durante todo el movimiento"",""Seguro y fácil para aprender técnica""]","[""Separar los codos del torso"",""Usar impulso o balancear el cuerpo"",""No extender completamente los brazos""]","[""Mantén los codos fijos a los costados"",""Evita peso excesivo que comprometa la forma"",""Controla el movimiento en ambas fases""]",aislado,Tríceps braquial,"[""Ancóneo""]","[""Polea alta"",""Barra recta""]","[""Principiante"",""Intermedio"",""Avanzado""]",media,hipertrofia,9,"[""gimnasio"",""brazos""]","[""extension-triceps-cuerda"",""jalon-agarre-invertido"",""jalon-unilateral-mango""]",https://vz-cddd003b-54d.b-cdn.net/fb07cdcd-e83c-4cb1-a12e-9d92c5917b6a/playlist.m3u8,https://iframe.mediadelivery.net/play/458976/fb07cdcd-e83c-4cb1-a12e-9d92c5917b6a,https://vz-cddd003b-54d.b-cdn.net/fb07cdcd-e83c-4cb1-a12e-9d92c5917b6a/thumbnail.jpg,https://vz-cddd003b-54d.b-cdn.net/fb07cdcd-e83c-4cb1-a12e-9d92c5917b6a/preview.webp?v=1752883173,https://olympo.b-cdn.net/brazos/Jalon-Triceps-Barra-Recta.mp4
jalon-unilateral-mango,Jalón unilateral con mango,"De pie junto a la polea alta, sujeta un mango individual con una mano (palma hacia abajo o neutra). Extiende el brazo hacia abajo hasta que esté completamente recto, manteniendo el codo pegado al torso y el core activo. Aprieta el tríceps en la parte final y controla la subida.","[""Aísla cada tríceps de manera individual"",""Corrige desequilibrios"",""Permite ajustar el ángulo y el agarre a preferencia""]","[""Ayudarse con el torso"",""Separar el codo del cuerpo"",""Realizar el movimiento rápido y sin control""]","[""Mantén el codo estable y cerca del torso"",""Controla ambas fases"",""Usa un peso moderado""]",aislado,Tríceps braquial,"[""Ancóneo"",""Core""]","[""Polea alta"",""Mango individual""]","[""Principiante"",""Intermedio"",""Avanzado""]",media,hipertrofia,9,"[""gimnasio"",""brazos""]","[""jalon-triceps-barra-recta"",""jalon-agarre-invertido"",""extension-triceps-unilateral""]",https://vz-cddd003b-54d.b-cdn.net/8f5b71fd-65a6-4904-84f9-9e9316c9c530/playlist.m3u8,https://iframe.mediadelivery.net/play/458976/8f5b71fd-65a6-4904-84f9-9e9316c9c530,https://vz-cddd003b-54d.b-cdn.net/8f5b71fd-65a6-4904-84f9-9e9316c9c530/thumbnail.jpg,https://vz-cddd003b-54d.b-cdn.net/8f5b71fd-65a6-4904-84f9-9e9316c9c530/preview.webp?v=1752883261,https://olympo.b-cdn.net/brazos/Jalon-Unilateral-Mango.mp4
pantorrilla-pie,Elevación de talones de pie en máquina,"De pie en la máquina, apoya los hombros y la punta de los pies sobre la plataforma. Eleva los talones contrayendo gemelos, mantén la posición y baja controlado. No rebotes ni uses impulso. Excelente para hipertrofia de pantorrillas.","[""Hipertrofia y fuerza de gemelos"",""Permite sobrecarga progresiva"",""Mejora la estabilidad del tobillo""]","[""Usar rebote al subir o bajar"",""No completar rango de movimiento"",""Bloquear las rodillas""]","[""Controla el rango completo"",""No uses peso excesivo"",""Calienta antes de empezar""]",aislado,Gemelos,"[""Sóleo"",""Tibial anterior"",""Pie""]","[""Máquina de elevación de talones""]","[""Principiante"",""Intermedio"",""Avanzado""]",media,hipertrofia,9,"[""gimnasio"",""piernas"",""maquina""]","[""pantorrilla-pie"",""pantorrilla-prensa"",""pantorrilla-smith""]",https://vz-cddd003b-54d.b-cdn.net/0c8131d1-c2b5-473a-975a-0d9b526a1ab2/playlist.m3u8,https://iframe.mediadelivery.net/play/458976/0c8131d1-c2b5-473a-975a-0d9b526a1ab2,https://vz-cddd003b-54d.b-cdn.net/0c8131d1-c2b5-473a-975a-0d9b526a1ab2/thumbnail.jpg,https://vz-cddd003b-54d.b-cdn.net/0c8131d1-c2b5-473a-975a-0d9b526a1ab2/preview.webp?v=1761113222,https://olympo.b-cdn.net/piernas/Pantorrilla-Pie.MOV
pantorrilla-prensa,Elevación de talones en prensa,"En la prensa de piernas, apoya solo la punta de los pies en la parte baja de la plataforma. Eleva los talones para activar gemelos y baja controlado. Evita rebotes o bloqueo de rodillas. Excelente para trabajar gemelos tras una rutina de piernas.","[""Permite altas cargas para gemelos"",""Trabajo seguro y estable"",""Ideal para superseries con pierna""]","[""Bloquear las rodillas"",""No controlar el movimiento"",""Usar impulso de la prensa""]","[""No uses peso excesivo"",""Controla cada repetición"",""Calienta antes de empezar""]",aislado,Gemelos,"[""Sóleo"",""Pie""]","[""Máquina de prensa de piernas""]","[""Intermedio"",""Avanzado""]",media,hipertrofia,8,"[""gimnasio"",""piernas"",""maquina""]","[""pantorrilla-prensa"",""pantorrilla-pie"",""pantorrilla-smith""]",https://vz-cddd003b-54d.b-cdn.net/2b7f90e8-4b4a-4b29-ad41-2da50118846e/playlist.m3u8,https://iframe.mediadelivery.net/play/458976/2b7f90e8-4b4a-4b29-ad41-2da50118846e,https://vz-cddd003b-54d.b-cdn.net/2b7f90e8-4b4a-4b29-ad41-2da50118846e/thumbnail.jpg,https://vz-cddd003b-54d.b-cdn.net/2b7f90e8-4b4a-4b29-ad41-2da50118846e/preview.webp?v=1752892250,https://olympo.b-cdn.net/piernas/Pantorrilla-Prensa.mp4
pantorrilla-sentado,Elevación de talones en máquina,"Siéntate en la máquina específica, coloca las piernas bajo la almohadilla y los pies sobre la plataforma. Eleva los talones, mantén la contracción y baja controlado. Excelente para la parte baja de la pantorrilla.","[""Permite sobrecarga progresiva"",""Mejora fuerza del sóleo"",""Trabajo cómodo y seguro""]","[""No completar el rango"",""Rebote al subir o bajar"",""No ajustar bien la máquina""]","[""Ajusta la máquina antes de usar"",""Controla cada repetición"",""No uses peso excesivo""]",aislado,Gemelos,"[""Gemelos"",""Pie""]","[""Máquina de elevación de talones sentado""]","[""Principiante"",""Intermedio"",""Avanzado""]",media,hipertrofia,8,"[""gimnasio"",""piernas"",""maquina""]","[""pantorrilla-sentado"",""pantorrilla-sentado-mancuernas"",""pantorrilla-prensa""]",https://vz-cddd003b-54d.b-cdn.net/f0bf81d4-1e90-4522-b76b-f12885b8aef9/playlist.m3u8,https://iframe.mediadelivery.net/play/458976/f0bf81d4-1e90-4522-b76b-f12885b8aef9,https://vz-cddd003b-54d.b-cdn.net/f0bf81d4-1e90-4522-b76b-f12885b8aef9/thumbnail.jpg,https://vz-cddd003b-54d.b-cdn.net/f0bf81d4-1e90-4522-b76b-f12885b8aef9/preview.webp?v=1761112967,https://olympo.b-cdn.net/piernas/Pantorrilla-Sentado.MOV
pantorrilla-sentado-mancuernas,Elevación de talones sentado con barra o mancuerna,"Sentado en un banco, coloca una barra o mancuerna sobre los muslos, pies apoyados en un escalón. Eleva los talones contrayendo gemelos, baja controlado. Ideal para aislar el sóleo y trabajar variedad de estímulos.","[""Aísla sóleo y gemelos"",""Menor carga sobre la columna"",""Permite variar peso y rango de movimiento""]","[""No controlar el movimiento"",""Rebote al bajar"",""Levantar los pies de la plataforma""]","[""Evita peso excesivo"",""Mantén el movimiento lento y controlado"",""Usa soporte para la barra""]",aislado,Gemelos,"[""Gemelos"",""Pie""]","[""Barra"",""Mancuerna"",""Banco""]","[""Intermedio"",""Avanzado""]",media,hipertrofia,8,"[""gimnasio"",""piernas"",""barra"",""mancuernas""]","[""pantorrilla-sentado-mancuernas"",""pantorrilla-sentado"",""pantorrilla-prensa""]",https://vz-cddd003b-54d.b-cdn.net/427aa81b-8520-4c0f-a1dd-149dc77a234d/playlist.m3u8,https://iframe.mediadelivery.net/play/458976/427aa81b-8520-4c0f-a1dd-149dc77a234d,https://vz-cddd003b-54d.b-cdn.net/427aa81b-8520-4c0f-a1dd-149dc77a234d/thumbnail.jpg,https://vz-cddd003b-54d.b-cdn.net/427aa81b-8520-4c0f-a1dd-149dc77a234d/preview.webp?v=1752892284,https://olympo.b-cdn.net/piernas/Pantorrilla-Sentado-Mancuernas.mp4
pantorrilla-smith,Elevación de pantorrillas en máquina Smith,"Coloca una base o escalón bajo la máquina Smith. Sitúate con la barra sobre los trapecios, pies apoyados en el borde del escalón y talones colgando. Mantén las piernas estiradas pero sin bloquear las rodillas. Eleva los talones contrayendo los músculos de las pantorrillas y desciende controladamente hasta sentir el estiramiento. Este ejercicio permite aplicar carga progresiva para estimular la hipertrofia del tríceps sural.","[""Desarrolla masa muscular en pantorrillas"",""Aumenta fuerza y resistencia del tren inferior"",""Mejora el rendimiento en deportes explosivos""]","[""Rebotar al bajar"",""Flexionar las rodillas"",""No usar rango completo de movimiento""]","[""Asegura buena colocación de la barra"",""Evita sobrecarga inicial"",""Controla el ritmo de ejecución""]",aislado,Gemelos,"[""Sóleo"",""Core""]","[""Máquina Smith"",""Base o escalón""]","[""Intermedio"",""Avanzado""]",media,hipertrofia,8,"[""piernas"",""pantorrillas"",""gimnasio"",""máquinas""]","[""pantorrilla-smith"",""pantorrilla-prensa"",""pantorrilla-pie""]",https://vz-cddd003b-54d.b-cdn.net/b6e57f68-7537-45af-a574-9e360798682e/playlist.m3u8,https://iframe.mediadelivery.net/play/458976/b6e57f68-7537-45af-a574-9e360798682e,https://vz-cddd003b-54d.b-cdn.net/b6e57f68-7537-45af-a574-9e360798682e/thumbnail.jpg,https://vz-cddd003b-54d.b-cdn.net/b6e57f68-7537-45af-a574-9e360798682e/preview.webp?v=1752892605,https://olympo.b-cdn.net/piernas/Pantorrilla-Smith.mp4
patada-gluteo-diagonal-polea,Patada de glúteo diagonal en polea,"Colócate de pie frente a la máquina de poleas y sujeta la estructura para mantener el equilibrio. Coloca una tobillera conectada a la polea baja. Con el abdomen firme y espalda recta, lleva la pierna hacia atrás y en diagonal, cruzando ligeramente hacia el lado contrario del cuerpo. Controla el regreso y repite. Este movimiento activa el glúteo mayor y medio en una trayectoria funcional.","[""Activa glúteo mayor y medio"",""Mejora fuerza y control de cadera"",""Aumenta la estabilidad y forma del glúteo""]","[""Mover el torso"",""No controlar la fase de regreso"",""Usar demasiado peso""]","[""Sujétate bien para mantener el equilibrio"",""Evita movimientos bruscos"",""Controla el rango del recorrido""]",aislado,Glúteo mayor,"[""Glúteo medio"",""Core"",""Isquiotibiales""]","[""Polea baja"",""Tobillera""]","[""Intermedio"",""Avanzado""]",media,hipertrofia,8,"[""glúteos"",""piernas"",""gimnasio"",""polea""]","[""patada-gluteo-diagonal-polea"",""patada-gluteo-maquina"",""patada-gluteo-polea""]",https://vz-cddd003b-54d.b-cdn.net/6e2fc00f-162f-4b5c-80cf-aa7dd1abb61f/playlist.m3u8,https://iframe.mediadelivery.net/play/458976/6e2fc00f-162f-4b5c-80cf-aa7dd1abb61f,https://vz-cddd003b-54d.b-cdn.net/6e2fc00f-162f-4b5c-80cf-aa7dd1abb61f/thumbnail.jpg,https://vz-cddd003b-54d.b-cdn.net/6e2fc00f-162f-4b5c-80cf-aa7dd1abb61f/preview.webp?v=1752892641,https://olympo.b-cdn.net/piernas/Patada-Gluteo-Diagonal-Polea.mp4
patada-gluteo-maquina,Patada de glúteo en máquina,"Ajusta la máquina, apoya el antebrazo y rodilla de apoyo. Coloca el pie de trabajo en la plataforma y empuja hacia atrás y arriba, contrayendo el glúteo. Baja controlado y repite. Ideal para aislar glúteo mayor.","[""Aíslamiento efectivo del glúteo"",""Mejora extensión de cadera"",""Ideal para rehabilitación y estética""]","[""Extender la espalda en vez de la cadera"",""Balancear el torso"",""No controlar la bajada""]","[""Ajusta la máquina a tu medida"",""No uses peso excesivo"",""Controla el movimiento""]",aislado,Glúteo mayor,"[""Isquiotibiales"",""Core""]","[""Máquina de patada de glúteo""]","[""Principiante"",""Intermedio"",""Avanzado""]",media,hipertrofia,8,"[""gimnasio"",""piernas"",""maquina"",""gluteos""]","[""patada-gluteo-maquina"",""patada-gluteo-polea"",""patada-gluteo-diagonal-polea""]",https://vz-cddd003b-54d.b-cdn.net/cc0347f5-f23a-4986-af4b-344ac5eb4672/playlist.m3u8,https://iframe.mediadelivery.net/play/458976/cc0347f5-f23a-4986-af4b-344ac5eb4672,https://vz-cddd003b-54d.b-cdn.net/cc0347f5-f23a-4986-af4b-344ac5eb4672/thumbnail.jpg,https://vz-cddd003b-54d.b-cdn.net/cc0347f5-f23a-4986-af4b-344ac5eb4672/preview.webp?v=1761100790,https://olympo.b-cdn.net/piernas/Patada-Gluteo-Maquina.MOV
patada-gluteo-polea,Patada de glúteo en polea baja,"Coloca el tobillero en la polea baja, apoya manos en la torre y el torso inclinado. Eleva la pierna hacia atrás y arriba sin mover la columna. Controla el movimiento y repite. Excelente para aislamiento y simetría de glúteos.","[""Aíslamiento de glúteo mayor"",""Mejora control neuromuscular"",""Trabajo unilateral y simétrico""]","[""Balancear el torso"",""Extender la espalda"",""Rango de movimiento incompleto""]","[""Controla el peso en todo momento"",""No uses carga excesiva"",""Evita impulso""]",aislado,Glúteo mayor,"[""Isquiotibiales"",""Core""]","[""Polea baja"",""Tobillera""]","[""Intermedio"",""Avanzado""]",media,hipertrofia,8,"[""gimnasio"",""piernas"",""polea"",""gluteos""]","[""patada-gluteo-polea"",""patada-gluteo-maquina"",""patada-gluteo-diagonal-polea""]",https://vz-cddd003b-54d.b-cdn.net/6702333b-c402-458b-a6f8-b5c727df8433/playlist.m3u8,https://iframe.mediadelivery.net/play/458976/6702333b-c402-458b-a6f8-b5c727df8433,https://vz-cddd003b-54d.b-cdn.net/6702333b-c402-458b-a6f8-b5c727df8433/thumbnail.jpg,https://vz-cddd003b-54d.b-cdn.net/6702333b-c402-458b-a6f8-b5c727df8433/preview.webp?v=1752892673,https://olympo.b-cdn.net/piernas/Patada-Gluteo-Polea.mp4
patada-triceps-kettlebell,Patada de tríceps con kettlebell,"Colócate de pie junto a un banco, apoya la rodilla y mano del mismo lado. Con la otra mano, sujeta una kettlebell y flexiona el codo a 90°. Extiende el brazo hacia atrás hasta que quede alineado con el torso y aprieta el tríceps. Vuelve a la posición inicial de forma controlada. Mantén la muñeca firme y la parte superior del brazo inmóvil.","[""Aísla la cabeza lateral y medial del tríceps"",""Mejora la estabilidad de muñeca y antebrazo"",""Permite trabajo unilateral""]","[""Mover el brazo superior"",""Doblar la muñeca"",""No extender completamente el codo""]","[""Comienza con peso ligero/moderado"",""Mantén la muñeca estable"",""Controla el movimiento""]",aislado,Tríceps braquial,"[""Ancóneo"",""Deltoides posterior"",""Antebrazo""]","[""Kettlebell"",""Banco (opcional)""]","[""Intermedio"",""Avanzado""]",media,hipertrofia,7,"[""gimnasio"",""casa"",""brazos""]","[""patada-triceps-mancuerna"",""extension-triceps-unilateral"",""extension-triceps-banda""]",https://vz-cddd003b-54d.b-cdn.net/868239c8-ed33-4472-9fb0-555a96489654/playlist.m3u8,https://iframe.mediadelivery.net/play/458976/868239c8-ed33-4472-9fb0-555a96489654,https://vz-cddd003b-54d.b-cdn.net/868239c8-ed33-4472-9fb0-555a96489654/thumbnail.jpg,https://vz-cddd003b-54d.b-cdn.net/868239c8-ed33-4472-9fb0-555a96489654/preview.webp?v=1752883362,https://olympo.b-cdn.net/brazos/Patada-Triceps-Kettlebell.mp4
patada-triceps-mancuerna,Patada de tríceps con mancuerna,"Con la rodilla y mano de un lado apoyadas en un banco, espalda recta y el torso paralelo al suelo, sostiene una mancuerna con la otra mano. Flexiona el codo a 90° y extiende el brazo hacia atrás hasta que quede completamente recto y alineado con el torso, apretando el tríceps al final. Vuelve lentamente a la posición inicial sin mover el brazo superior.","[""Aísla la cabeza lateral y medial del tríceps"",""Mejora la definición y contracción máxima"",""Corrige desequilibrios entre brazos""]","[""Mover el brazo superior"",""Usar impulso del cuerpo"",""No extender completamente el brazo""]","[""Mantén la espalda recta y el core activado"",""Elige un peso moderado"",""Controla el movimiento en ambas fases""]",aislado,Tríceps braquial,"[""Ancóneo"",""Deltoides posterior""]","[""Mancuerna"",""Banco (opcional)""]","[""Principiante"",""Intermedio"",""Avanzado""]",media,hipertrofia,7,"[""gimnasio"",""casa"",""brazos""]","[""extension-triceps-unilateral"",""extension-triceps-mancuerna-dos-manos-copa"",""patada-triceps-kettlebell""]",https://vz-cddd003b-54d.b-cdn.net/30dcba1a-7cab-4862-91eb-53f59cd63267/playlist.m3u8,https://iframe.mediadelivery.net/play/458976/30dcba1a-7cab-4862-91eb-53f59cd63267,https://vz-cddd003b-54d.b-cdn.net/30dcba1a-7cab-4862-91eb-53f59cd63267/thumbnail.jpg,https://vz-cddd003b-54d.b-cdn.net/30dcba1a-7cab-4862-91eb-53f59cd63267/preview.webp?v=1752883448,https://olympo.b-cdn.net/brazos/Patada-Triceps-Mancuerna.mp4
peso-muerto-barra,Peso muerto con barra,"De pie frente a una barra, pies a la altura de caderas. Flexiona caderas y rodillas, agarra la barra y mantén la espalda recta. Sube extendiendo caderas y rodillas al tiempo, llevando la barra pegada al cuerpo. Baja controlado, no redondees la espalda. Ejercicio fundamental para fuerza de cadena posterior.","[""Desarrolla fuerza total y masa muscular"",""Mejora postura y agarre"",""Alto impacto en glúteos"",""espalda y core""]","[""Curvar la espalda"",""Levantar la cadera antes que hombros"",""Alejar la barra del cuerpo""]","[""Aprende técnica antes de cargar peso"",""No forzar si tienes historial de lesiones"",""Calienta bien""]",compuesto,Glúteos,"[""Isquiotibiales"",""Cuádriceps"",""Core"",""Erectores espinales""]","[""Barra"",""Discos de peso""]","[""Intermedio"",""Avanzado""]",alta,hipertrofia,10,"[""gimnasio"",""piernas"",""espalda"",""barra""]","[""peso-muerto-barra"",""peso-muerto-sumo-barra"",""peso-muerto-kettlebell""]",https://vz-cddd003b-54d.b-cdn.net/9debdd56-cfbc-4e77-b27d-a295bc66b3d1/playlist.m3u8,https://iframe.mediadelivery.net/play/458976/9debdd56-cfbc-4e77-b27d-a295bc66b3d1,https://vz-cddd003b-54d.b-cdn.net/9debdd56-cfbc-4e77-b27d-a295bc66b3d1/thumbnail.jpg,https://vz-cddd003b-54d.b-cdn.net/9debdd56-cfbc-4e77-b27d-a295bc66b3d1/preview.webp?v=1764291936,https://olympo.b-cdn.net/piernas/Peso-Muerto-Barra.mp4
peso-muerto-kettlebell,Peso muerto con mancuernas rusas,"Coloca una kettlebell entre tus pies, agárrala con ambas manos y mantén la espalda recta. Flexiona caderas y rodillas, sube extendiendo ambas al tiempo, manteniendo la kettlebell cerca del cuerpo. Baja controlado. Ideal para trabajar glúteos y cadena posterior, accesible en casa o gimnasio.","[""Fortalece glúteos e isquiotibiales"",""Mejora la técnica de bisagra de cadera"",""Práctico y adaptable""]","[""Curvar la espalda"",""Alejar la kettlebell del cuerpo"",""Usar peso excesivo""]","[""Aprende la técnica con poco peso"",""No forzar rango si hay rigidez"",""Mantén core activo""]",compuesto,Glúteos,"[""Isquiotibiales"",""Cuádriceps"",""Core""]","[""Kettlebell""]","[""Principiante"",""Intermedio"",""Avanzado""]",media,hipertrofia,8,"[""gimnasio"",""piernas"",""casa"",""kettlebell""]","[""peso-muerto-kettlebell"",""peso-muerto-barra"",""peso-muerto-unilateral-mancuerna""]",https://vz-cddd003b-54d.b-cdn.net/b57c4257-6267-4d66-ae40-d613bd76ec6c/playlist.m3u8,https://iframe.mediadelivery.net/play/458976/b57c4257-6267-4d66-ae40-d613bd76ec6c,https://vz-cddd003b-54d.b-cdn.net/b57c4257-6267-4d66-ae40-d613bd76ec6c/thumbnail.jpg,https://vz-cddd003b-54d.b-cdn.net/b57c4257-6267-4d66-ae40-d613bd76ec6c/preview.webp?v=1752892777,https://olympo.b-cdn.net/piernas/Peso-Muerto-Kettlebell.mp4
peso-muerto-sumo-barra,Peso muerto sumo con barra,"Con barra en el suelo, separa los pies más allá del ancho de hombros y puntas hacia afuera. Flexiona caderas y rodillas, agarra la barra entre las piernas y sube extendiendo caderas y rodillas a la vez. Mantén el torso recto y la barra cerca. Muy útil para trabajar aductores y glúteos.","[""Mayor activación de glúteos y aductores"",""Reduce tensión lumbar"",""Permite cargas altas""]","[""Curvar la espalda"",""Alejar la barra del cuerpo"",""Caderas suben antes que los hombros""]","[""Buena movilidad de cadera es esencial"",""Aprende la técnica antes de cargar pesado"",""Evita si tienes molestias de cadera""]",compuesto,Glúteos,"[""Aductores"",""Isquiotibiales"",""Cuádriceps"",""Core""]","[""Barra"",""Discos de peso""]","[""Intermedio"",""Avanzado""]",alta,hipertrofia,9,"[""gimnasio"",""piernas"",""barra""]","[""peso-muerto-sumo-barra"",""peso-muerto-barra"",""peso-muerto-kettlebell""]",https://vz-cddd003b-54d.b-cdn.net/12e7624f-1314-4e88-ab91-58955113ff7b/playlist.m3u8,https://iframe.mediadelivery.net/play/458976/12e7624f-1314-4e88-ab91-58955113ff7b,https://vz-cddd003b-54d.b-cdn.net/12e7624f-1314-4e88-ab91-58955113ff7b/thumbnail.jpg,https://vz-cddd003b-54d.b-cdn.net/12e7624f-1314-4e88-ab91-58955113ff7b/preview.webp?v=1752892862,https://olympo.b-cdn.net/piernas/Peso-Muerto-Sumo-Barra.mp4
peso-muerto-unilateral-mancuerna,Peso muerto unilateral con mancuerna,"De pie sobre una pierna, sujeta una mancuerna con la mano opuesta. Flexiona la cadera de apoyo bajando el torso y la mancuerna, manteniendo la espalda recta y la pierna libre extendida atrás. Sube contrayendo glúteo y isquiosural de apoyo. Requiere equilibrio y control, corrige asimetrías.","[""Mejora fuerza y equilibrio unilateral"",""Aísla cadena posterior"",""Corrige desequilibrios""]","[""Curvar la espalda"",""Abrir la cadera libre"",""Bajar demasiado rápido""]","[""Domina el movimiento sin peso primero"",""Realízalo cerca de un soporte si eres principiante"",""Movimiento controlado""]",funcional,Isquiotibiales,"[""Glúteos"",""Core""]","[""Mancuerna""]","[""Intermedio"",""Avanzado""]",media,hipertrofia,9,"[""gimnasio"",""piernas"",""casa"",""mancuernas""]","[""peso-muerto-unilateral-mancuerna"",""peso-muerto-barra"",""peso-muerto-kettlebell""]",https://vz-cddd003b-54d.b-cdn.net/5011ffab-794a-4303-9285-b779abcc2ac0/playlist.m3u8,https://iframe.mediadelivery.net/play/458976/5011ffab-794a-4303-9285-b779abcc2ac0,https://vz-cddd003b-54d.b-cdn.net/5011ffab-794a-4303-9285-b779abcc2ac0/thumbnail.jpg,https://vz-cddd003b-54d.b-cdn.net/5011ffab-794a-4303-9285-b779abcc2ac0/preview.webp?v=1752892896,https://olympo.b-cdn.net/piernas/Peso-Muerto-Unilateral-Mancuerna.mp4
prensa-pecho,Prensa de pecho,"""Ajusta la altura del asiento de modo que las manijas queden alineadas con la parte media del pecho. Selecciona el agarre más cómodo según tu estatura (neutro o horizontal). Empuja las manijas hacia adelante extendiendo los brazos sin bloquear los codos, y regresa controlado manteniendo tensión constante en el pecho.","[""Permite entrenar el pecho con gran estabilidad"",""Reduce riesgo de lesión al controlar el recorrido"",""Ideal para principiantes y fases de fuerza controlada""]","[""Asiento muy bajo o alto"",""Rebotar el peso al regresar"",""Bloquear los codos completamente""]","[""Ajusta la altura del asiento antes de empezar"",""Controla el movimiento sin impulso"",""No arquees la espalda ni levantes los pies""]",Compuesto,Pectoral mayor,"[""Deltoides anterior"",""Tríceps braquial""]","[""Máquina de prensa de pecho""]","[""Principiante"",""Intermedio"",""Avanzado""]",media,hipertrofia,9,"[""gimnasio"",""pecho"",""maquina""]","[""press-banca-plano"",""press-banca-mancuernas-plano"",""hammer-strength-press-plano""]",https://vz-cddd003b-54d.b-cdn.net/8972cd76-b2b0-4866-bb36-cfebab814bc3/playlist.m3u8,https://iframe.mediadelivery.net/play/458976/8972cd76-b2b0-4866-bb36-cfebab814bc3,https://vz-cddd003b-54d.b-cdn.net/8972cd76-b2b0-4866-bb36-cfebab814bc3/thumbnail.jpg,https://vz-cddd003b-54d.b-cdn.net/8972cd76-b2b0-4866-bb36-cfebab814bc3/preview.webp?v=1771994305,https://olympo.b-cdn.net/pecho/Prensa-Pecho.MOV
prensa-pierna,Prensa de pierna,"Siéntate en la máquina de prensa, apoya los pies en la plataforma a la anchura de hombros. Flexiona caderas y rodillas bajando la plataforma hasta que las piernas formen ángulo recto, luego empuja controladamente hasta extender sin bloquear las rodillas. Permite trabajar pesado y seguro.","[""Permite trabajar con grandes cargas"",""Aísla cuádriceps y glúteos"",""Reduce el riesgo de lesión lumbar""]","[""Despegar la espalda del respaldo"",""Colocar los pies muy altos o bajos"",""Bloquear las rodillas""]","[""Ajusta el asiento y recorrido"",""No bloquees las rodillas"",""No sobrecargues sin experiencia""]",compuesto,Cuádriceps,"[""Glúteos"",""Isquiotibiales"",""Aductores""]","[""Máquina de prensa de piernas""]","[""Intermedio"",""Avanzado""]",alta,hipertrofia,9,"[""gimnasio"",""piernas"",""maquina""]","[""prensa-pierna"",""belt-squat"",""sentadilla-maquina""]",https://vz-cddd003b-54d.b-cdn.net/58fb1125-4cc5-443b-a09f-f959f74473c1/playlist.m3u8,https://iframe.mediadelivery.net/play/458976/58fb1125-4cc5-443b-a09f-f959f74473c1,https://vz-cddd003b-54d.b-cdn.net/58fb1125-4cc5-443b-a09f-f959f74473c1/preview.webp?v=1761100244,https://vz-cddd003b-54d.b-cdn.net/58fb1125-4cc5-443b-a09f-f959f74473c1/preview.webp?v=1761100244,https://olympo.b-cdn.net/piernas/Prensa-Pierna.MOV
prensa-vertical,Prensa vertical,"Acuéstate boca arriba en la máquina de prensa vertical con la espalda completamente apoyada. Coloca los pies en la plataforma al ancho de los hombros y asegúrate de que las rodillas estén alineadas con los pies. Desbloquea el seguro y desciende lentamente la plataforma controlando el movimiento hasta que las rodillas se doblen cerca de los 90°, luego empuja hacia arriba extendiendo las piernas sin bloquearlas. Mantén el control durante todo el recorrido.","[""Permite un gran rango de movimiento"",""Activa fuertemente cuádriceps y glúteos"",""Excelente para ganar fuerza y masa en piernas""]","[""Despegar la cadera o la espalda del respaldo"",""Bajar demasiado y perder control"",""Bloquear las rodillas en la extensión""]","[""Asegúrate de usar topes de seguridad"",""Controla la bajada para evitar sobrepresión en rodillas"",""No sobrecargues sin asistencia o experiencia""]",Compuesto,Cuádriceps,"[""Glúteos"",""Isquiotibiales"",""Aductores""]","[""Máquina de prensa vertical""]","[""Intermedio"",""Avanzado""]",Alta,Hipertrofia,9,"[""gimnasio"",""piernas"",""maquina"",""prensa""]","[""prensa-vertical"",""prensa-pierna"",""sentadilla-maquina""]",https://vz-cddd003b-54d.b-cdn.net/c2e4ad9f-b767-4cdc-ac73-28a4811a3767/playlist.m3u8,https://iframe.mediadelivery.net/play/458976/c2e4ad9f-b767-4cdc-ac73-28a4811a3767,https://vz-cddd003b-54d.b-cdn.net/c2e4ad9f-b767-4cdc-ac73-28a4811a3767/thumbnail.jpg,https://vz-cddd003b-54d.b-cdn.net/c2e4ad9f-b767-4cdc-ac73-28a4811a3767/preview.webp?v=1761104621,https://olympo.b-cdn.net/piernas/Prensa-Vertical.MOV
press-agarre-neutro,Press con agarre neutro,"Sentado o de pie, presiona mancuernas desde hombros hacia arriba con palmas enfrentadas. El agarre neutro es más seguro para el hombro. Foco en deltoides anterior y tríceps.","[""Seguro para hombro"",""Activa deltoides anterior y tríceps"",""Corrige desequilibrios""]","[""Arquear la espalda"",""No bajar suficiente"",""Chocar mancuernas""]","[""Core activado"",""Peso controlado"",""Evita choque de mancuernas""]",compuesto,Deltoides anterior,"[""Tríceps"",""Pectoral mayor"",""Trapecio"",""Serrato anterior""]","[""Mancuernas"",""Barra suiza""]","[""Principiante"",""Intermedio"",""Avanzado""]",media,hipertrofia,9,"[""hombros"",""gimnasio"",""casa""]","[""press-agarre-neutro"",""press-hombro-barra"",""press-hombro-mancuernas""]",https://vz-cddd003b-54d.b-cdn.net/11acdeab-a380-4e4c-bb87-8adb03e55d6a/playlist.m3u8,https://iframe.mediadelivery.net/play/458976/11acdeab-a380-4e4c-bb87-8adb03e55d6a,https://vz-cddd003b-54d.b-cdn.net/11acdeab-a380-4e4c-bb87-8adb03e55d6a/thumbnail.jpg,https://vz-cddd003b-54d.b-cdn.net/11acdeab-a380-4e4c-bb87-8adb03e55d6a/preview.webp?v=1752877359,https://olympo.b-cdn.net/hombros/Press-Agarre-Neutro.mp4
press-arnold,Press Arnold,"Press de hombro sentado con mancuernas, inicia con palmas hacia el cuerpo y rota durante el ascenso hasta palmas al frente. Gran rango de movimiento, máxima activación deltoides.","[""Gran activación de deltoides"",""ROM amplio"",""Corrige desequilibrios""]","[""Peso excesivo"",""Movimiento rápido"",""Rotación incorrecta""]","[""Técnica estricta"",""Control de core"",""Progresión lenta de peso""]",compuesto,Deltoides anterior,"[""Deltoides lateral"",""Tríceps"",""Trapecio"",""Core""]","[""Mancuernas""]","[""Intermedio"",""Avanzado""]",media,hipertrofia,8,"[""hombros"",""gimnasio""]","[""press-arnold"",""press-hombro-mancuernas"",""press-hombro-barra""]",https://vz-cddd003b-54d.b-cdn.net/7db789b3-41e1-4544-aac6-c7932a6a6131/playlist.m3u8,https://iframe.mediadelivery.net/play/458976/7db789b3-41e1-4544-aac6-c7932a6a6131,https://vz-cddd003b-54d.b-cdn.net/7db789b3-41e1-4544-aac6-c7932a6a6131/thumbnail.jpg,https://vz-cddd003b-54d.b-cdn.net/7db789b3-41e1-4544-aac6-c7932a6a6131/preview.webp?v=1752877498,https://olympo.b-cdn.net/hombros/Press-Arnold.mp4
press-banca-cerrado,Press de banca con agarre cerrado,"Acostado en un banco plano, sujeta la barra con las manos al ancho de los hombros o un poco menos. Baja la barra hacia la parte baja del pecho, manteniendo los codos cerca del cuerpo. Empuja la barra hacia arriba, enfocando la fuerza en los tríceps. Mantén el control y no rebotes la barra en el pecho.","[""Altísima activación de tríceps"",""Permite usar cargas pesadas"",""Mejora la fuerza de empuje y el bloqueo""]","[""Agarre excesivamente cerrado"",""Abrir los codos hacia los lados"",""Rebotar la barra en el pecho""]","[""Usa un observador con cargas altas"",""Elige un agarre cómodo para muñecas/codos"",""Controla la barra en el descenso""]",compuesto,Tríceps braquial,"[""Pectoral mayor"",""Deltoides anterior"",""Ancóneo""]","[""Banco plano"",""Barra olímpica"",""Discos"",""Rack""]","[""Intermedio"",""Avanzado""]",alta,hipertrofia,10,"[""gimnasio"",""brazos"",""pecho""]","[""press-cerrado-mancuernas"",""press-cerrado-smith"",""press-tate""]",https://vz-cddd003b-54d.b-cdn.net/ad625fe9-b699-437d-8c21-5d6fccdde5ac/playlist.m3u8,https://iframe.mediadelivery.net/play/458976/ad625fe9-b699-437d-8c21-5d6fccdde5ac,https://vz-cddd003b-54d.b-cdn.net/ad625fe9-b699-437d-8c21-5d6fccdde5ac/thumbnail.jpg,https://vz-cddd003b-54d.b-cdn.net/ad625fe9-b699-437d-8c21-5d6fccdde5ac/preview.webp?v=1752883479,https://olympo.b-cdn.net/brazos/Press-Banca-Cerrado.mp4
press-banca-inclinado,Press de banca inclinado con barra libre,"En banco inclinado, sujeta la barra a la altura de los hombros, baja al pecho superior y empuja hacia arriba. Más énfasis en la parte alta del pectoral y en hombros. Ideal para volumen y fuerza.","[""Aumenta masa en la parte superior"",""Mejora fuerza general"",""Permite carga progresiva""]","[""Ángulo incorrecto del banco"",""Rebote de barra"",""Codos muy abiertos""]","[""Ajusta bien el banco"",""No bloquees los codos"",""Mantén control en el descenso""]",compuesto,Pectoral mayor,"[""Deltoides anterior"",""Tríceps braquial""]","[""Barra"",""Banco inclinado""]","[""Intermedio"",""Avanzado""]",media,hipertrofia,9,"[""gimnasio"",""pecho"",""barra""]","[""press-banca-inclinado"",""press-banca-mancuernas-inclinado"",""hammer-pecho-inclinado""]",https://vz-cddd003b-54d.b-cdn.net/2b8c2ec1-14a4-445c-8173-5585771ecb2b/playlist.m3u8,https://iframe.mediadelivery.net/play/458976/2b8c2ec1-14a4-445c-8173-5585771ecb2b,https://vz-cddd003b-54d.b-cdn.net/2b8c2ec1-14a4-445c-8173-5585771ecb2b/thumbnail_96481fee.jpg,https://vz-cddd003b-54d.b-cdn.net/2b8c2ec1-14a4-445c-8173-5585771ecb2b/preview.webp?v=1761159213,https://olympo.b-cdn.net/pecho/Press-Banca-Inclinado.MOV
press-banca-mancuernas-declinado,Press de pecho declinado con mancuernas,"Acuéstate en banco declinado, sujeta las mancuernas a la altura del pecho inferior. Empuja hacia arriba con control, sin chocar mancuernas. Excelente para enfatizar la zona baja del pecho y reducir tensión en hombros.","[""Aísla el pectoral inferior"",""Menos estrés en hombro"",""Varía el estímulo en el press""]","[""Usar mancuernas pesadas sin control"",""Chocar las mancuernas arriba"",""Pies mal posicionados""]","[""Ajusta el banco a la declinación correcta"",""Controla el peso"",""No uses impulso""]",compuesto,Pectoral mayor,"[""Deltoides anterior"",""Tríceps braquial""]","[""Mancuernas"",""Banco declinado""]","[""Intermedio"",""Avanzado""]",media,hipertrofia,7,"[""gimnasio"",""pecho"",""mancuernas""]","[""press-banca-mancuernas-declinado"",""hammer-pecho-declinado"",""hammer-strength-press-declinado""]",https://vz-cddd003b-54d.b-cdn.net/cf6d081a-e24c-4d76-a631-331f39ad1474/playlist.m3u8,https://iframe.mediadelivery.net/play/458976/cf6d081a-e24c-4d76-a631-331f39ad1474,https://vz-cddd003b-54d.b-cdn.net/cf6d081a-e24c-4d76-a631-331f39ad1474/thumbnail.jpg,https://vz-cddd003b-54d.b-cdn.net/cf6d081a-e24c-4d76-a631-331f39ad1474/preview.webp?v=1752875152,https://olympo.b-cdn.net/pecho/Press-Banca-Mancuernas-Declinado.mp4
press-banca-mancuernas-inclinado,Press de pecho inclinado con mancuernas,"En banco inclinado a 30-45°, sujeta una mancuerna en cada mano sobre los hombros. Empuja las mancuernas hacia arriba, palmas al frente, y baja controlando. Ideal para trabajar la parte superior del pecho y corregir asimetrías.","[""Foco en pectoral superior"",""Mejora fuerza y simetría"",""Más seguro para hombros que la barra""]","[""No ajustar bien el ángulo del banco"",""Chocar mancuernas"",""Bajar muy rápido""]","[""Ajusta el banco antes de empezar"",""Controla cada repetición"",""Mantén pies en el suelo""]",compuesto,Pectoral mayor,"[""Deltoides anterior"",""Tríceps braquial""]","[""Mancuernas"",""Banco inclinado""]","[""Intermedio"",""Avanzado""]",media,hipertrofia,8,"[""gimnasio"",""pecho"",""mancuernas""]","[""press-banca-mancuernas-inclinado"",""press-banca-inclinado"",""hammer-pecho-inclinado""]",https://vz-cddd003b-54d.b-cdn.net/64c7728d-e03b-4b4e-985c-5ba9944be296/playlist.m3u8,https://iframe.mediadelivery.net/play/458976/64c7728d-e03b-4b4e-985c-5ba9944be296,https://vz-cddd003b-54d.b-cdn.net/64c7728d-e03b-4b4e-985c-5ba9944be296/thumbnail.jpg,https://vz-cddd003b-54d.b-cdn.net/64c7728d-e03b-4b4e-985c-5ba9944be296/preview.webp?v=1771994373,https://olympo.b-cdn.net/pecho/Apertura-Mancuernas-Inclinado.mp4
press-banca-mancuernas-plano,Press de pecho plano con mancuernas,"Acuéstate en banco plano con una mancuerna en cada mano, pies apoyados en el suelo. Empuja ambas mancuernas hacia arriba desde el pecho, con palmas al frente, y baja controlando el movimiento. No choques las mancuernas arriba ni uses impulso. Permite mejor rango y activación unilateral que la barra.","[""Desarrolla masa y fuerza en pecho"",""Permite mayor rango de movimiento"",""Corrige desequilibrios musculares""]","[""Usar mancuernas muy pesadas"",""Chocar mancuernas arriba"",""Separar los codos en exceso""]","[""Elige pesos adecuados"",""Mantén espalda pegada al banco"",""Controla el descenso""]",compuesto,Pectoral mayor,"[""Deltoides anterior"",""Tríceps braquial""]","[""Mancuernas"",""Banco plano""]","[""Principiante"",""Intermedio"",""Avanzado""]",media,hipertrofia,9,"[""gimnasio"",""pecho"",""mancuernas""]","[""press-banca-mancuernas-plano"",""press-banca-plano"",""hammer-pecho-plano""]",https://vz-cddd003b-54d.b-cdn.net/9d5b2fa0-f205-4405-8fa8-7f83d5c6c477/playlist.m3u8,https://iframe.mediadelivery.net/play/458976/9d5b2fa0-f205-4405-8fa8-7f83d5c6c477,https://vz-cddd003b-54d.b-cdn.net/9d5b2fa0-f205-4405-8fa8-7f83d5c6c477/thumbnail.jpg,https://vz-cddd003b-54d.b-cdn.net/9d5b2fa0-f205-4405-8fa8-7f83d5c6c477/preview.webp?v=1752875205,https://olympo.b-cdn.net/pecho/Press-Banca-Mancuernas-Plano.mp4
press-banca-plano,Press de banca plano con barra libre,"Acostado en banco plano, pies en el suelo, sujeta la barra con agarre medio. Baja la barra hasta el pecho medio y empuja hacia arriba sin bloquear los codos. Clásico para fuerza y masa muscular.","[""Desarrolla fuerza máxima"",""Trabaja gran parte del pectoral"",""Permite uso de cargas progresivas""]","[""No mantener los pies en el suelo"",""Rebote de barra en el pecho"",""Codos muy abiertos""]","[""Usa observador para cargas altas"",""No bloquees los codos"",""Mantén postura estable""]",compuesto,Pectoral mayor,"[""Deltoides anterior"",""Tríceps braquial""]","[""Barra"",""Banco plano""]","[""Intermedio"",""Avanzado""]",media,hipertrofia,10,"[""gimnasio"",""pecho"",""barra""]","[""press-banca-plano"",""press-banca-mancuernas-plano"",""hammer-pecho-plano""]",https://vz-cddd003b-54d.b-cdn.net/e9a39f33-4e79-494a-8b5c-f3df0e661272/playlist.m3u8,https://iframe.mediadelivery.net/play/458976/e9a39f33-4e79-494a-8b5c-f3df0e661272,https://vz-cddd003b-54d.b-cdn.net/e9a39f33-4e79-494a-8b5c-f3df0e661272/thumbnail.jpg,https://vz-cddd003b-54d.b-cdn.net/e9a39f33-4e79-494a-8b5c-f3df0e661272/preview.webp?v=1771994256,https://olympo.b-cdn.net/pecho/Press-Banca-Plano.MOV
press-bradford,Press Bradford (Bradford Press),"De pie, sujeta la barra sobre los hombros, pies al ancho. Empuja la barra sobre la cabeza pero sin bloquear los codos, pasa por encima de la cabeza y baja por detrás del cuello, luego repite en sentido inverso. El movimiento es continuo, con poco rango final.","[""Desarrolla movilidad de hombro"",""Trabaja deltoides anterior y medio"",""Menos estrés en codos que el press militar tradicional""]","[""Bajar la barra muy por detrás del cuello"",""Usar peso excesivo"",""No controlar la bajada""]","[""Evita cargas altas"",""Calienta bien los hombros"",""No realizar si tienes molestias cervicales""]",compuesto,Deltoides anterior,"[""Deltoides medio"",""Trapecio"",""Tríceps""]","[""Barra""]","[""Intermedio"",""Avanzado""]",media,hipertrofia,7,"[""gimnasio"",""hombros"",""barra""]","[""press-militar-barra"",""press-hombro-barra"",""press-hombro-maquina-pie""]",https://vz-cddd003b-54d.b-cdn.net/3befa476-7232-4af5-9dee-1b4f60bffc90/playlist.m3u8,https://iframe.mediadelivery.net/play/458976/3befa476-7232-4af5-9dee-1b4f60bffc90,https://vz-cddd003b-54d.b-cdn.net/3befa476-7232-4af5-9dee-1b4f60bffc90/thumbnail.jpg,https://vz-cddd003b-54d.b-cdn.net/3befa476-7232-4af5-9dee-1b4f60bffc90/preview.webp?v=1752877530,https://olympo.b-cdn.net/hombros/Press-Bradford.mp4
press-cerrado-mancuernas,Press cerrado con mancuernas,"Acostado en un banco plano, sostiene una mancuerna en cada mano, palmas enfrentadas y juntas sobre el pecho. Baja las mancuernas de forma controlada hacia el pecho, manteniendo los codos cerca del torso. Empuja las mancuernas hacia arriba usando principalmente los tríceps. Aprieta en la parte superior y repite.","[""Desarrolla fuerza y masa general de tríceps"",""Permite un rango de movimiento natural"",""Ayuda a corregir desequilibrios entre brazos""]","[""Abrir los codos hacia los lados"",""Separar demasiado las mancuernas"",""No controlar el descenso""]","[""Mantén los codos cerca del torso"",""Controla las mancuernas en todo momento"",""Comienza con peso moderado""]",compuesto,Tríceps braquial,"[""Pectoral mayor"",""Deltoides anterior"",""Ancóneo""]","[""Mancuernas"",""Banco plano""]","[""Principiante"",""Intermedio"",""Avanzado""]",media,hipertrofia,9,"[""gimnasio"",""brazos"",""pecho""]","[""press-banca-cerrado"",""press-cerrado-smith"",""press-tate""]",https://vz-cddd003b-54d.b-cdn.net/bf3b5765-af92-4ccc-b174-892575c484ac/playlist.m3u8,https://iframe.mediadelivery.net/play/458976/bf3b5765-af92-4ccc-b174-892575c484ac,https://vz-cddd003b-54d.b-cdn.net/bf3b5765-af92-4ccc-b174-892575c484ac/thumbnail.jpg,https://vz-cddd003b-54d.b-cdn.net/bf3b5765-af92-4ccc-b174-892575c484ac/preview.webp?v=1752883397,https://olympo.b-cdn.net/brazos/Press-Cerrado-Mancuernas.mp4
press-cerrado-smith,Press cerrado en smith,"acuestate en la maquina smith con banco, realizando un agarre cerrado (manos juntas) y empuja las barra hacia arriba hasta extender los brazos, manteniendo los codos cerca del cuerpo. Regresa de forma controlada hasta sentir estiramiento en los tríceps. Concéntrate en empujar con los tríceps y no rebotes la carga.","[""Permite trabajar tríceps con alta carga de forma segura"",""Trazo guiado y estable"",""Alternativa eficaz al press cerrado con barra libre""]","[""Agarre demasiado ancho"",""Abrir los codos"",""Hacer el movimiento sin control""]","[""Ajusta el asiento y el agarre"",""Mantén los codos cerca del torso"",""Controla el movimiento en ambas fases""]",compuesto,Tríceps braquial,"[""Pectoral mayor"",""Deltoides anterior""]","[""Máquina multifuerza""]","[""Principiante"",""Intermedio"",""Avanzado""]",media,hipertrofia,8,"[""gimnasio"",""brazos""]","[""press-banca-cerrado"",""press-cerrado-mancuernas"",""fondos-triceps-maquina-especifica""]",https://vz-cddd003b-54d.b-cdn.net/22e0995c-e2f4-4e5f-af28-2d3c560f2a10/playlist.m3u8,https://iframe.mediadelivery.net/play/458976/22e0995c-e2f4-4e5f-af28-2d3c560f2a10,https://vz-cddd003b-54d.b-cdn.net/22e0995c-e2f4-4e5f-af28-2d3c560f2a10/thumbnail.jpg,https://vz-cddd003b-54d.b-cdn.net/22e0995c-e2f4-4e5f-af28-2d3c560f2a10/preview.webp?v=1752883539,https://olympo.b-cdn.net/brazos/Press-Cerrado-Smith.mp4
press-frances-banco-inclinado,Press francés en banco plano o inclinado,"Acostado en un banco plano o inclinado, sujeta una barra Z o recta con palmas hacia arriba, manos juntas. Baja la barra hacia la frente (plano) o detrás de la cabeza (inclinado), manteniendo los codos estables y cerca del cuerpo. Extiende los codos para regresar a la posición inicial. Controla la barra en todo momento.","[""Desarrolla masa y fuerza de tríceps"",""Permite variar el ángulo de trabajo"",""Aumenta el estiramiento de la cabeza larga del tríceps""]","[""Abrir los codos hacia los lados"",""Mover excesivamente los hombros"",""No controlar el rango de movimiento""]","[""Usa un peso controlable"",""Considera un observador con cargas altas"",""Mantén los codos estables""]",aislado,Tríceps braquial,"[""Ancóneo"",""Deltoides anterior"",""Pectoral mayor""]","[""Barra Z o recta"",""Banco plano o inclinado"",""Discos""]","[""Intermedio"",""Avanzado""]",media,hipertrofia,9,"[""gimnasio"",""brazos""]","[""press-frances-barra-z"",""press-cerrado-mancuernas"",""extension-triceps-por-encima-cabeza-barra""]",https://vz-cddd003b-54d.b-cdn.net/c0f4ff35-d8b3-43bd-9a79-65ad0b1fb314/playlist.m3u8,https://iframe.mediadelivery.net/play/458976/c0f4ff35-d8b3-43bd-9a79-65ad0b1fb314,https://vz-cddd003b-54d.b-cdn.net/c0f4ff35-d8b3-43bd-9a79-65ad0b1fb314/thumbnail.jpg,https://vz-cddd003b-54d.b-cdn.net/c0f4ff35-d8b3-43bd-9a79-65ad0b1fb314/preview.webp?v=1752883586,https://olympo.b-cdn.net/brazos/Press-Frances-Banco-Plano-Inclinado.mp4
press-frances-barra-z,Press francés con barra Z,"Acostado en un banco plano o declinado, sujeta una barra Z con las palmas hacia arriba/atrás y los brazos extendidos. Flexiona los codos para bajar la barra hacia la frente o ligeramente detrás de la cabeza, luego extiende los codos para regresar a la posición inicial. Mantén los codos cerca y controla el peso en todo momento.","[""Aísla y desarrolla las tres cabezas del tríceps"",""Reduce el estrés en muñecas y codos"",""Permite sobrecarga progresiva""]","[""Abrir los codos hacia los lados"",""Usar impulso del pecho"",""Bajar la barra rápido y sin control""]","[""Controla la barra para evitar golpes"",""Mantén los codos cerrados"",""Evita cargas excesivas""]",aislado,Tríceps braquial,"[""Ancóneo"",""Deltoides anterior"",""Pectoral mayor""]","[""Barra Z"",""Banco plano o declinado"",""Discos""]","[""Intermedio"",""Avanzado""]",media,hipertrofia,9,"[""gimnasio"",""brazos""]","[""press-frances-banco-inclinado"",""extension-triceps-pie-barra-z"",""press-cerrado-smith""]",https://vz-cddd003b-54d.b-cdn.net/367ff2ed-b238-4a48-a343-aeaf52d9a86b/playlist.m3u8,https://iframe.mediadelivery.net/play/458976/367ff2ed-b238-4a48-a343-aeaf52d9a86b,https://vz-cddd003b-54d.b-cdn.net/367ff2ed-b238-4a48-a343-aeaf52d9a86b/thumbnail.jpg,https://vz-cddd003b-54d.b-cdn.net/367ff2ed-b238-4a48-a343-aeaf52d9a86b/preview.webp?v=1752883682,https://olympo.b-cdn.net/brazos/Press-Frances-Barra-Z.mp4
press-hombro-barra,Press de Hombro con barra (Overhead Press - OHP),"Press vertical con barra desde hombros sobre la cabeza, de pie o sentado. Mantén core activo, controla el descenso. Ejercicio fundamental de fuerza para deltoides, tríceps y core.","[""Desarrolla fuerza y masa de hombros"",""Mejora empuje vertical"",""Entrena core y estabilidad""]","[""Arquear espalda"",""Codos hacia fuera"",""No bajar suficiente""]","[""Forma estricta"",""Progresión gradual"",""Atento a lesiones""]",compuesto,Deltoides anterior,"[""Deltoides lateral"",""Tríceps"",""Trapecio"",""Core""]","[""Barra"",""discos""]","[""Principiante"",""Intermedio"",""Avanzado""]",alta,hipertrofia,9,"[""hombros"",""gimnasio"",""barra""]","[""press-hombro-barra"",""press-agarre-neutro"",""press-hombro-mancuernas""]",https://vz-cddd003b-54d.b-cdn.net/fcbd5006-9844-40cd-a15e-841dda141785/playlist.m3u8,https://iframe.mediadelivery.net/play/458976/fcbd5006-9844-40cd-a15e-841dda141785,https://vz-cddd003b-54d.b-cdn.net/fcbd5006-9844-40cd-a15e-841dda141785/thumbnail.jpg,https://vz-cddd003b-54d.b-cdn.net/fcbd5006-9844-40cd-a15e-841dda141785/preview.webp?v=1752877574,https://olympo.b-cdn.net/hombros/Press-Hombro-Barra.mp4
press-hombro-mancuernas,Press de Hombro con mancuernas(Overhead Press - OHP),"Press vertical con  mancuernas desde hombros sobre la cabeza, de pie o sentado. Mantén core activo, controla el descenso. Ejercicio fundamental de fuerza para deltoides, tríceps y core.","[""Desarrolla fuerza y masa de hombros"",""Mejora empuje vertical"",""Entrena core y estabilidad""]","[""Arquear espalda"",""Codos hacia fuera"",""No bajar suficiente""]","[""Forma estricta"",""Progresión gradual"",""Atento a lesiones""]",compuesto,Deltoides anterior,"[""Deltoides lateral"",""Tríceps"",""Trapecio"",""Core""]","[""Barra"",""Mancuernas"",""Kettlebell""]","[""Principiante"",""Intermedio"",""Avanzado""]",alta,hipertrofia,9,"[""hombros"",""gimnasio"",""mancuernas""]","[""press-hombro-mancuernas"",""press-hombro-barra"",""press-arnold""]",https://vz-cddd003b-54d.b-cdn.net/02d4f720-6a13-44c2-825f-902372897bed/playlist.m3u8,https://iframe.mediadelivery.net/play/458976/02d4f720-6a13-44c2-825f-902372897bed,https://vz-cddd003b-54d.b-cdn.net/02d4f720-6a13-44c2-825f-902372897bed/thumbnail.jpg,https://vz-cddd003b-54d.b-cdn.net/02d4f720-6a13-44c2-825f-902372897bed/preview.webp?v=1752877669,https://olympo.b-cdn.net/hombros/Press-Hombro-Mancuernas.mp4
press-hombro-maquina,Press de Hombro con máquina,"Ubicate en la máquina, sosten firmemente las agarraderas con las palmas hacia afuera, mantén core activo, controla el descenso. Ejercicio fundamental de fuerza para deltoides, tríceps y core.","[""Desarrolla fuerza y masa de hombros"",""Mejora empuje vertical""]","[""Sentarse mal"",""Codos hacia fuera"",""No bajar suficiente""]","[""Forma estricta"",""Progresión gradual"",""Atento a lesiones""]",compuesto,Deltoides anterior,"[""Deltoides lateral"",""Tríceps"",""Trapecio"",""Core""]","[""Maquina""]","[""Principiante"",""Intermedio"",""Avanzado""]",alta,hipertrofia,9,"[""hombros"",""gimnasio"",""barra""]","[""press-hombro-maquina"",""press-hombro-maquina-pie"",""press-hombro-barra""]",https://vz-cddd003b-54d.b-cdn.net/7d67cf6c-2dc3-4019-9f38-c7412d1a48ab/playlist.m3u8,https://iframe.mediadelivery.net/play/458976/7d67cf6c-2dc3-4019-9f38-c7412d1a48ab,https://vz-cddd003b-54d.b-cdn.net/7d67cf6c-2dc3-4019-9f38-c7412d1a48ab/thumbnail_6889588f.jpg,https://vz-cddd003b-54d.b-cdn.net/7d67cf6c-2dc3-4019-9f38-c7412d1a48ab/preview.webp?v=1761158818,https://olympo.b-cdn.net/hombros/Press-Hombro-Maquina.MOV
press-hombro-maquina-pie,Press de hombro en máquina de pie,"Colócate de pie en una máquina de press de hombros diseñada para uso vertical. Ajusta la altura de los agarres al nivel de los hombros. Toma las empuñaduras con agarre neutro o pronado, manteniendo el core firme y la espalda recta. Empuja hacia arriba hasta extender los brazos sin bloquear los codos, luego baja de forma controlada. Esta variante permite trabajar el deltoides y tríceps sin necesidad de estabilizarse tanto como en una variante libre.","[""Fortalece deltoides y tríceps"",""Mayor seguridad y estabilidad"",""Permite enfocarse en el esfuerzo""]","[""Usar impulso con las piernas"",""Bloquear los codos en la parte alta"",""Inclinar el torso hacia atrás""]","[""Mantén el core contraído"",""Controla el movimiento"",""Evita cargas excesivas""]",compuesto,Deltoides anterior,"[""Deltoides lateral"",""Tríceps braquial"",""Trapecio superior""]","[""Máquina de press de hombro""]","[""Principiante"",""Intermedio"",""Avanzado""]",media,hipertrofia,8,"[""hombros"",""maquina"",""press"",""gimnasio"",""compuesto""]","[""press-hombro-maquina-pie"",""press-hombro-maquina"",""press-hombro-barra""]",https://vz-cddd003b-54d.b-cdn.net/d383e43b-1e31-474a-a576-8736fc5fa430/playlist.m3u8,https://iframe.mediadelivery.net/play/458976/d383e43b-1e31-474a-a576-8736fc5fa430,https://vz-cddd003b-54d.b-cdn.net/d383e43b-1e31-474a-a576-8736fc5fa430/thumbnail.jpg,https://vz-cddd003b-54d.b-cdn.net/d383e43b-1e31-474a-a576-8736fc5fa430/preview.webp?v=1752877746,https://olympo.b-cdn.net/hombros/Press-Hombro-Maquina-Pie.mp4
press-militar-barra,press militar on barra y rack,"De pie, pies al ancho de hombros, sujeta la barra sobre los hombros con palmas al frente. manteniendo el core y la espalda activados, impulsa la barra hacia arriba extendiendo los brazos en un solo movimiento. Controla el descenso.","[""Desarrolla potencia de hombros y tren superior"",""Mejora coordinación y técnica de empuje"",""Desarrolla la estabilidad""]","[""No coordinar impulso de brazos"",""Hiperextender la espalda"",""Codos hacia afuera al empujar""]","[""Calienta hombros y muñecas antes"",""Controla el peso utilizado"",""Evita cargas máximas sin supervisión""]",compuesto,Deltoides anterior,"[""Tríceps"",""Trapecio"",""Core""]","[""Barra""]","[""Intermedio"",""Avanzado""]",alta,hipertrofia,9,"[""gimnasio"",""hombros"",""barra"",""explosivo""]","[""press-hombro-barra"",""press-militar-barra"",""press-arnold""]",https://vz-cddd003b-54d.b-cdn.net/64572001-248a-41cb-8321-3e110856117c/playlist.m3u8,https://iframe.mediadelivery.net/play/458976/64572001-248a-41cb-8321-3e110856117c,https://vz-cddd003b-54d.b-cdn.net/64572001-248a-41cb-8321-3e110856117c/thumbnail.jpg,https://vz-cddd003b-54d.b-cdn.net/64572001-248a-41cb-8321-3e110856117c/preview.webp?v=1752877791,https://olympo.b-cdn.net/hombros/Press-Militar-Barra.mp4
press-tate,Press Tate,"Acostado en un banco plano, sostiene una mancuerna en cada mano sobre el pecho, palmas enfrentadas. Flexiona los codos para bajar las mancuernas hacia la parte superior del pecho, permitiendo que los codos se abran hacia los lados. Extiende los codos para regresar las mancuernas arriba, apretando el tríceps en la parte superior. Controla la bajada y mantén la trayectoria de las mancuernas.","[""Estimula la cabeza medial y lateral del tríceps"",""Varía el estímulo respecto a otros presses"",""Mejora la densidad y detalle del tríceps""]","[""Mover los brazos superiores hacia adelante o atrás"",""Bajar las mancuernas demasiado lejos"",""Usar demasiado peso y perder el control""]","[""Comienza con pesos ligeros"",""Controla la trayectoria"",""Revisa la técnica si sientes molestias en codos""]",aislado,Tríceps braquial,"[""Ancóneo"",""Pectoral mayor"",""Deltoides anterior""]","[""Mancuernas"",""Banco plano""]","[""Intermedio"",""Avanzado""]",media,hipertrofia,7,"[""gimnasio"",""brazos""]","[""press-cerrado-mancuernas"",""press-banca-cerrado"",""fondos-banco""]",https://vz-cddd003b-54d.b-cdn.net/b3451401-2ace-49df-9042-0e954f113b08/playlist.m3u8,https://iframe.mediadelivery.net/play/458976/b3451401-2ace-49df-9042-0e954f113b08,https://vz-cddd003b-54d.b-cdn.net/b3451401-2ace-49df-9042-0e954f113b08/thumbnail.jpg,https://vz-cddd003b-54d.b-cdn.net/b3451401-2ace-49df-9042-0e954f113b08/preview.webp?v=1752883652,https://olympo.b-cdn.net/brazos/Press-Tate.mp4
puente-gluteo,Puente de glúteo,"Acuéstate boca arriba, pies apoyados y cerca de los glúteos. Eleva la pelvis contrayendo glúteos y core hasta formar una línea hombros-rodillas. Baja controlado. Ideal para principiantes y para activar glúteos antes de ejercicios pesados.","[""Fortalece glúteos e isquiotibiales"",""Mejora estabilidad del core"",""Bajo impacto para la espalda""]","[""Hiperextender la espalda"",""No apretar glúteos arriba"",""Empujar con los dedos de los pies""]","[""Movimiento controlado"",""Coloca los pies correctamente"",""Añade peso solo cuando domines la técnica""]",aislado,Glúteos,"[""Isquiotibiales"",""Core""]","[""Peso corporal"",""Disco"",""Mancuerna"",""Barra""]","[""Principiante"",""Intermedio"",""Avanzado""]",baja,hipertrofia,8,"[""gimnasio"",""piernas"",""casa"",""bajo impacto""]","[""puente-gluteo"",""puente-pies-juntos"",""hip-thrust-barra""]",https://vz-cddd003b-54d.b-cdn.net/7bbbd316-abaa-42d6-b4bb-25823ddfc7ea/playlist.m3u8,https://iframe.mediadelivery.net/play/458976/7bbbd316-abaa-42d6-b4bb-25823ddfc7ea,https://vz-cddd003b-54d.b-cdn.net/7bbbd316-abaa-42d6-b4bb-25823ddfc7ea/thumbnail.jpg,https://vz-cddd003b-54d.b-cdn.net/7bbbd316-abaa-42d6-b4bb-25823ddfc7ea/preview.webp?v=1752893002,https://olympo.b-cdn.net/piernas/Puente-Gluteo.mp4
puente-pies-juntos,Frog pump (puente con pies juntos),"Acostado boca arriba, junta las plantas de los pies y deja caer las rodillas hacia los lados (posición de rana). Eleva las caderas contrayendo glúteos, mantén la contracción en la parte alta y baja controlado. Activa fibras del glúteo medio y menor. Útil como finalizador o activador.","[""Alta activación del glúteo"",""Mejora movilidad y flexibilidad de cadera"",""Bajo impacto""]","[""No mantener pies juntos"",""Hiperextender la espalda"",""No apretar glúteos arriba""]","[""Ejecuta lento y controlado"",""Evita si hay molestias en cadera"",""Añade peso solo cuando domines la técnica""]",aislado,Glúteos,"[""Abductores"",""Core""]","[""Peso corporal"",""Disco"",""Mancuerna""]","[""Intermedio"",""Avanzado""]",baja,hipertrofia,8,"[""gimnasio"",""piernas"",""casa"",""bajo impacto""]","[""puente-pies-juntos"",""puente-gluteo"",""hip-thrust-barra""]",https://vz-cddd003b-54d.b-cdn.net/a329bb26-11ef-4790-9a6b-b06f3edba050/playlist.m3u8,https://iframe.mediadelivery.net/play/458976/a329bb26-11ef-4790-9a6b-b06f3edba050,https://vz-cddd003b-54d.b-cdn.net/a329bb26-11ef-4790-9a6b-b06f3edba050/thumbnail.jpg,https://vz-cddd003b-54d.b-cdn.net/a329bb26-11ef-4790-9a6b-b06f3edba050/preview.webp?v=1752893039,https://olympo.b-cdn.net/piernas/Puente-Pies-Juntos.mp4
pulldown-brazos-rectos,Extensión de dorsal en polea alta,"De pie frente a una polea alta, toma la barra con palmas hacia abajo, brazos extendidos frente al cuerpo. Lleva la barra en arco hacia los muslos sin doblar los codos. Siente el trabajo del dorsal durante todo el recorrido y evita balancear el torso. Controla el regreso a la posición inicial.","[""Aísla dorsal y mejora amplitud"",""Buen ejercicio para remates"",""Menos estrés en codos"",""Fácil conexión mente-músculo""]","[""Doblar los codos"",""Usar impulso"",""Encoger los hombros""]","[""Mantén brazos casi rectos"",""No uses demasiado peso"",""Calienta hombros""]",aislado,Dorsal ancho,"[""Redondo mayor"",""Deltoides posterior"",""Tríceps (cabeza larga)"",""Romboides""]","[""Polea alta"",""Barra recta""]","[""Intermedio"",""Avanzado""]",media,hipertrofia,7,"[""gimnasio"",""espalda"",""polea""]","[""jalon-pecho-prono"",""jalon-pecho-supino"",""jalon-estrecho-polea""]",https://vz-cddd003b-54d.b-cdn.net/fb7baf58-6603-4e66-9d13-757a20252244/playlist.m3u8,https://iframe.mediadelivery.net/play/458976/fb7baf58-6603-4e66-9d13-757a20252244,https://vz-cddd003b-54d.b-cdn.net/fb7baf58-6603-4e66-9d13-757a20252244/thumbnail.jpg,https://vz-cddd003b-54d.b-cdn.net/fb7baf58-6603-4e66-9d13-757a20252244/preview.webp?v=1752875628,https://olympo.b-cdn.net/espalda/Pulldown-Brazos-Rectos.mp4
remo-alto-barra,Remo alto con barra,"Inclina el torso y toma la barra con agarre prono, más ancho que hombros. Tira de la barra hacia la parte superior del abdomen, juntando omóplatos y dirigiendo codos arriba y atrás. Controla la bajada, no arquees la espalda.","[""Densidad y grosor de espalda alta"",""Mejora postura"",""Activa deltoides posterior y trapecios""]","[""Redondear la espalda baja"",""Tirar solo con brazos"",""Encoger hombros en exceso""]","[""Mantén espalda neutra"",""Inicia contrayendo omóplatos"",""Evita pesos excesivos""]",compuesto,Trapecio,"[""Romboides"",""Deltoides posterior"",""Dorsal"",""Bíceps""]","[""Barra"",""Mancuernas"",""Polea""]","[""Intermedio"",""Avanzado""]",media,hipertrofia,9,"[""gimnasio"",""hombros"",""espalda"",""barra""]","[""remo-alto-barra"",""remo-cuello-cuerda"",""remo-menton-barra""]",https://vz-cddd003b-54d.b-cdn.net/5337ae73-adaa-4223-913c-d7ad45ed74b3/playlist.m3u8,https://iframe.mediadelivery.net/play/458976/5337ae73-adaa-4223-913c-d7ad45ed74b3,https://vz-cddd003b-54d.b-cdn.net/5337ae73-adaa-4223-913c-d7ad45ed74b3/thumbnail.jpg,https://vz-cddd003b-54d.b-cdn.net/5337ae73-adaa-4223-913c-d7ad45ed74b3/preview.webp?v=1752877820,https://olympo.b-cdn.net/hombros/Remo-Alto-Barra.mp4
remo-alto-polea,Remo alto en polea,"De pie frente a la polea ajustada al pecho, toma cuerda o barra, pies al ancho de hombros. Tira el accesorio hacia la parte superior del pecho, elevando codos hacia fuera y atrás, juntando escápulas. Mantén postura erguida y core activo. No uses impulso.","[""Fortalece espalda alta y deltoides posterior"",""Mejora postura"",""Activa trapecio y romboides"",""Enfoque en estabilizadores de hombro""]","[""Usar peso excesivo y encoger hombros"",""Codos bajos durante la tracción"",""Arquear la lumbar""]","[""Codos siempre altos"",""Evita cargas que comprometan técnica"",""Concéntrate en contracción escapular""]",compuesto,Trapecio,"[""Romboides"",""Deltoides posterior"",""Dorsal ancho"",""Bíceps"",""Braquial"",""Braquiorradial"",""Manguito rotador""]","[""Polea"",""Cuerda o barra""]","[""Intermedio"",""Avanzado""]",media,hipertrofia,8,"[""gimnasio"",""espalda"",""polea""]","[""remo-mancuerna-unilateral"",""remo-barra-polea-baja"",""remo-barra-prono""]",https://vz-cddd003b-54d.b-cdn.net/b681a328-d276-4e6b-95b2-fd5f6379b1a2/playlist.m3u8,https://iframe.mediadelivery.net/play/458976/b681a328-d276-4e6b-95b2-fd5f6379b1a2,https://vz-cddd003b-54d.b-cdn.net/b681a328-d276-4e6b-95b2-fd5f6379b1a2/thumbnail.jpg,https://vz-cddd003b-54d.b-cdn.net/b681a328-d276-4e6b-95b2-fd5f6379b1a2/preview.webp?v=1752875657,https://olympo.b-cdn.net/espalda/Remo-Alto-Polea.mp4
remo-apoyado,Seal Row (Remo foca),"Acuéstate boca abajo sobre un banco elevado, cuerpo completamente apoyado. Sujeta barra o mancuernas y rema el peso hacia la parte baja del pecho, codos hacia arriba y atrás, juntando escápulas. Controla el descenso. Máximo aislamiento, elimina impulso y protege la lumbar.","[""Aislamiento máximo de espalda"",""Reduce estrés en columna"",""Fuerza retracción escapular"",""Excelente para simetría y fuerza de espalda alta""]","[""Banco demasiado bajo"",""peso toca el suelo"",""Levantar el cuerpo del banco"",""Tirar hacia línea incorrecta""]","[""Banco bien elevado y estable"",""Mantén cuerpo apoyado"",""Concéntrate en retracción escapular""]",compuesto,Romboides,"[""Trapecio medio e inferior"",""Dorsal ancho"",""Deltoides posterior"",""Bíceps"",""Braquial"",""Manguito rotador""]","[""Banco plano elevado"",""Barra o mancuernas""]","[""Intermedio"",""Avanzado""]",media,hipertrofia,9,"[""gimnasio"",""espalda""]","[""remo-apoyado"",""elevaciones-y-banco-inclinado"",""elevaciones-l""]",https://vz-cddd003b-54d.b-cdn.net/ea5866ac-7118-44d4-b7a9-dcb01112d617/playlist.m3u8,https://iframe.mediadelivery.net/play/458976/ea5866ac-7118-44d4-b7a9-dcb01112d617,https://vz-cddd003b-54d.b-cdn.net/ea5866ac-7118-44d4-b7a9-dcb01112d617/thumbnail.jpg,https://vz-cddd003b-54d.b-cdn.net/ea5866ac-7118-44d4-b7a9-dcb01112d617/preview.webp?v=1752877861,https://olympo.b-cdn.net/hombros/Remo-Apoyado.mp4
remo-banco-inclinado,Remo en banco inclinado con pecho apoyado,"Ajusta un banco a 30-45°, acuéstate boca abajo apoyando el pecho. Sujeta barra o mancuernas con los brazos extendidos. Tira el peso hacia el abdomen o pecho bajo, juntando escápulas. Controla el descenso, sin despegar el torso del banco. Excelente para aislar la espalda.","[""Aisla la espalda y minimiza impulso"",""Fuerte contracción muscular"",""Seguro para zona lumbar"",""Versátil en agarres y equipo""]","[""Levantar el pecho del banco"",""Rango de movimiento incompleto"",""Encoger hombros""]","[""Banco estable y seguro"",""Evita golpear el banco"",""Mantén cabeza alineada""]",compuesto,Dorsal ancho,"[""Romboides"",""Trapecio"",""Deltoides posterior"",""Bíceps"",""Braquial"",""Braquiorradial"",""Erectores espinales""]","[""Banco inclinado"",""Barra o mancuernas""]","[""Principiante"",""Intermedio"",""Avanzado""]",media,hipertrofia,9,"[""gimnasio"",""espalda""]","[""remo-barra-prono"",""remo-barra-polea-baja"",""remo-banco-inclinado""]",https://vz-cddd003b-54d.b-cdn.net/684211b7-a0ab-4377-a82c-a0203adfb333/playlist.m3u8,https://iframe.mediadelivery.net/play/458976/684211b7-a0ab-4377-a82c-a0203adfb333,https://vz-cddd003b-54d.b-cdn.net/684211b7-a0ab-4377-a82c-a0203adfb333/thumbnail.jpg,https://vz-cddd003b-54d.b-cdn.net/684211b7-a0ab-4377-a82c-a0203adfb333/preview.webp?v=1752875696,https://olympo.b-cdn.net/espalda/Remo-Banco-Inclinado.mp4
remo-banco-inclinado-maquina-ancho,Remo en banco inclinado con pecho apoyado,"Ajusta un banco a 30-45°, acuéstate boca abajo apoyando el pecho. Sujeta barra o mancuernas con los brazos extendidos. Tira el peso hacia el abdomen o pecho bajo, juntando escápulas. Controla el descenso, sin despegar el torso del banco. Excelente para aislar la espalda.","[""Aisla la espalda y minimiza impulso"",""Fuerte contracción muscular"",""Seguro para zona lumbar"",""Versátil en agarres y equipo""]","[""Levantar el pecho del banco"",""Rango de movimiento incompleto"",""Encoger hombros""]","[""Banco estable y seguro"",""Evita golpear el banco"",""Mantén cabeza alineada""]",compuesto,Dorsal ancho,"[""Romboides"",""Trapecio"",""Deltoides posterior"",""Bíceps"",""Braquial"",""Braquiorradial"",""Erectores espinales""]","[""Banco inclinado"",""Barra o mancuernas""]","[""Principiante"",""Intermedio"",""Avanzado""]",media,hipertrofia,9,"[""gimnasio"",""espalda""]","[""remo-banco-inclinado-maquina-ancho"",""remo-banco-inclinado"",""remo-banco-inclinado-maquina-neutro""]",https://vz-cddd003b-54d.b-cdn.net/a1998b13-2284-4d66-8120-af6cb054a73d/playlist.m3u8,https://iframe.mediadelivery.net/play/458976/a1998b13-2284-4d66-8120-af6cb054a73d,https://vz-cddd003b-54d.b-cdn.net/a1998b13-2284-4d66-8120-af6cb054a73d/thumbnail.jpg,https://vz-cddd003b-54d.b-cdn.net/a1998b13-2284-4d66-8120-af6cb054a73d/preview.webp?v=1761155982,https://olympo.b-cdn.net/espalda/Remo-Banco-inclinado-Maquina-Ancho.MOV
remo-banco-inclinado-maquina-neutro,Remo en banco inclinado con pecho apoyado,"Ajusta un banco a 30-45°, acuéstate boca abajo apoyando el pecho. Sujeta barra o mancuernas con los brazos extendidos. Tira el peso hacia el abdomen o pecho bajo, juntando escápulas. Controla el descenso, sin despegar el torso del banco. Excelente para aislar la espalda.","[""Aisla la espalda y minimiza impulso"",""Fuerte contracción muscular"",""Seguro para zona lumbar"",""Versátil en agarres y equipo""]","[""Levantar el pecho del banco"",""Rango de movimiento incompleto"",""Encoger hombros""]","[""Banco estable y seguro"",""Evita golpear el banco"",""Mantén cabeza alineada""]",compuesto,Dorsal ancho,"[""Romboides"",""Trapecio"",""Deltoides posterior"",""Bíceps"",""Braquial"",""Braquiorradial"",""Erectores espinales""]","[""Banco inclinado"",""Barra o mancuernas""]","[""Principiante"",""Intermedio"",""Avanzado""]",media,hipertrofia,9,"[""gimnasio"",""espalda""]","[""remo-banco-inclinado-maquina-neutro"",""remo-banco-inclinado"",""remo-banco-inclinado-maquina-ancho""]",https://vz-cddd003b-54d.b-cdn.net/37c4d487-6f57-4577-b821-88ac69869dc3/playlist.m3u8,https://iframe.mediadelivery.net/play/458976/37c4d487-6f57-4577-b821-88ac69869dc3,https://vz-cddd003b-54d.b-cdn.net/37c4d487-6f57-4577-b821-88ac69869dc3/thumbnail.jpg,https://vz-cddd003b-54d.b-cdn.net/37c4d487-6f57-4577-b821-88ac69869dc3/preview.webp?v=1752875852,https://olympo.b-cdn.net/espalda/Remo-Banco-Inclinado-Maquina-Neutro.mp4
remo-barra-polea-baja,Remo con barra en polea baja,"Siéntate frente a la polea baja, pies apoyados, rodillas flexionadas. Sujeta la barra con agarre supino. Tira de la cuerda hacia el abdomen, separando activamente las manos y juntando escápulas al final. Controla la extensión y evita impulso del torso.","[""Desarrolla grosor de la espalda media"",""Contracción máxima al separar la cuerda"",""Mejora postura y estabilidad escapular""]","[""Balancear el torso"",""No separar las manos"",""Redondear la lumbar""]","[""Espalda recta y core activo"",""Controla el peso"",""Evita cargas que comprometan la técnica""]",compuesto,Romboides,"[""Trapecio medio"",""Deltoides posterior"",""Dorsal ancho"",""Bíceps"",""Braquial"",""Braquiorradial"",""Manguito rotador""]","[""Polea baja"",""Cuerda""]","[""Principiante"",""Intermedio"",""Avanzado""]",media,hipertrofia,8,"[""gimnasio"",""espalda"",""polea""]","[""remo-barra-prono"",""remo-barra-polea-baja"",""remo-alto-polea""]",https://vz-cddd003b-54d.b-cdn.net/d6f8683f-c9b9-40c6-b62c-6e01b4d33fc0/playlist.m3u8,https://iframe.mediadelivery.net/play/458976/d6f8683f-c9b9-40c6-b62c-6e01b4d33fc0,https://vz-cddd003b-54d.b-cdn.net/d6f8683f-c9b9-40c6-b62c-6e01b4d33fc0/thumbnail.jpg,https://vz-cddd003b-54d.b-cdn.net/d6f8683f-c9b9-40c6-b62c-6e01b4d33fc0/preview.webp?v=1752875918,https://olympo.b-cdn.net/espalda/Remo-Barra-Polea-Baja.mp4
remo-barra-prono,Remo con barra prono,"De pie, con barra al frente, pies al ancho de caderas. Flexiona caderas y rodillas, espalda recta, torso inclinado. Sujeta la barra con palmas hacia abajo y tira de ella hacia el abdomen bajo, juntando escápulas y manteniendo el torso estable. Baja controlado. No redondear la espalda ni usar impulso.","[""Gran desarrollo de fuerza y grosor de la espalda"",""Fortalece zona lumbar y agarre"",""Movimiento compuesto clave"",""Permite cargas altas""]","[""Redondear la espalda"",""Torso demasiado vertical"",""Tirar con los bíceps en vez de la espalda""]","[""Prioriza la técnica sobre el peso"",""Mantén core activo"",""Evita cargas que comprometan la postura""]",compuesto,Dorsal ancho,"[""Romboides"",""Trapecio medio e inferior"",""Deltoides posterior"",""Erectores espinales"",""Bíceps"",""Braquial"",""Braquiorradial"",""Isquiosurales"",""Glúteos""]","[""Barra"",""Discos de peso""]","[""Intermedio"",""Avanzado""]",alta,hipertrofia,9,"[""gimnasio"",""barra"",""espalda""]","[""remo-barra-prono"",""remo-banco-inclinado"",""remo-mancuerna-unilateral""]",https://vz-cddd003b-54d.b-cdn.net/d98ff9c3-492e-40f1-9e12-77b4ec430ca1/playlist.m3u8,https://iframe.mediadelivery.net/play/458976/d98ff9c3-492e-40f1-9e12-77b4ec430ca1,https://vz-cddd003b-54d.b-cdn.net/d98ff9c3-492e-40f1-9e12-77b4ec430ca1/thumbnail.jpg,https://vz-cddd003b-54d.b-cdn.net/d98ff9c3-492e-40f1-9e12-77b4ec430ca1/preview.webp?v=1752876005,https://olympo.b-cdn.net/espalda/Remo-Barra-Prono.mp4
remo-cuello-cuerda,Remo al cuello con cuerda en polea,"De pie frente a polea baja, sujeta los extremos de la cuerda. Tira hacia arriba y afuera dirigiendo los codos por encima de las manos, llevando la cuerda hacia la barbilla. Mantén core activo y no uses impulso. Baja controlado.","[""Desarrolla deltoides lateral y trapecio"",""Mayor rango de movimiento con cuerda"",""Mejora fuerza de hombros""]","[""Elevar codos demasiado"",""Usar mucho peso e impulso"",""Mantener manos por encima de los codos""]","[""Evita si tienes molestias en hombros"",""Mantén codos sobre manos"",""Peso moderado"",""no sacrifiques técnica""]",compuesto,Deltoides lateral,"[""Trapecio"",""Deltoides anterior"",""Romboides"",""Bíceps""]","[""Polea baja"",""Cuerda""]","[""Intermedio"",""Avanzado""]",media,hipertrofia,7,"[""gimnasio"",""hombros"",""polea""]","[""remo-cuello-cuerda"",""remo-alto-barra"",""remo-menton-barra""]",https://vz-cddd003b-54d.b-cdn.net/54d549ab-fa85-4509-add2-115fec62c9ba/playlist.m3u8,https://iframe.mediadelivery.net/play/458976/54d549ab-fa85-4509-add2-115fec62c9ba,https://vz-cddd003b-54d.b-cdn.net/54d549ab-fa85-4509-add2-115fec62c9ba/thumbnail.jpg,https://vz-cddd003b-54d.b-cdn.net/54d549ab-fa85-4509-add2-115fec62c9ba/preview.webp?v=1752877926,https://olympo.b-cdn.net/hombros/Remo-Cuello-Cuerda.mp4
remo-mancuerna-unilateral,Remo con mancuerna a un brazo,"Apoya una rodilla y mano sobre un banco plano, espalda paralela al suelo, core activo. Toma una mancuerna y baja el brazo hasta sentir estiramiento en el dorsal. Sube la mancuerna hacia la cadera, llevando el codo atrás y juntando la escápula. Baja controlado. Evita rotar el torso o tirar la mancuerna hacia el pecho.","[""Corrige desequilibrios entre lados"",""Rango de movimiento completo"",""Mejora fuerza del core y estabilidad"",""Seguro para espalda baja con buena técnica""]","[""Rotar el torso"",""Tirar la mancuerna hacia el pecho"",""Usar impulso""]","[""Mantén espalda recta"",""Elige peso manejable"",""No hiperextiendas el hombro""]",compuesto,Dorsal ancho,"[""Romboides"",""Trapecio medio e inferior"",""Deltoides posterior"",""Bíceps braquial"",""Braquial"",""Braquiorradial"",""Erectores espinales"",""Core"",""Redondo mayor""]","[""Mancuerna"",""Banco plano (opcional)""]","[""Principiante"",""Intermedio"",""Avanzado""]",media,hipertrofia,9,"[""gimnasio"",""casa"",""espalda"",""mancuerna""]","[""remo-mancuerna-unilateral"",""remo-barra-prono"",""remo-banco-inclinado""]",https://vz-cddd003b-54d.b-cdn.net/13e3cac0-42e6-4c44-b98a-d89cf5ca4b12/playlist.m3u8,https://iframe.mediadelivery.net/play/458976/13e3cac0-42e6-4c44-b98a-d89cf5ca4b12,https://vz-cddd003b-54d.b-cdn.net/13e3cac0-42e6-4c44-b98a-d89cf5ca4b12/thumbnail.jpg,https://vz-cddd003b-54d.b-cdn.net/13e3cac0-42e6-4c44-b98a-d89cf5ca4b12/preview.webp?v=1752876046,https://olympo.b-cdn.net/espalda/Remo-Mancuerna-Unilateral.mp4
remo-menton-barra,Remo al mentón con barra,"De pie, sujeta la barra con agarre prono y manos juntas o al ancho de hombros. Eleva la barra cerca del cuerpo dirigiendo los codos hacia arriba, sin superar la línea de los hombros. Baja controlado y evita impulso.","[""Activa deltoides lateral y trapecio"",""Puede mejorar fuerza de tracción"",""Se realiza con equipamiento básico""]","[""Agarre muy estrecho"",""Elevar codos excesivamente"",""Usar mucho peso o impulso""]","[""No eleves codos por encima de hombros"",""Barra cerca del cuerpo"",""Evita si tienes historial de hombro""]",compuesto,Deltoides lateral,"[""Trapecio"",""Deltoides anterior"",""Bíceps""]","[""Barra""]","[""Intermedio"",""Avanzado""]",media,hipertrofia,6,"[""gimnasio"",""hombros"",""barra""]","[""remo-menton-barra"",""remo-menton-mancuernas"",""remo-menton-polea-cuerda""]",https://vz-cddd003b-54d.b-cdn.net/f1afd489-85d5-4b81-a1cc-06d875876cd3/playlist.m3u8,https://iframe.mediadelivery.net/play/458976/f1afd489-85d5-4b81-a1cc-06d875876cd3,https://vz-cddd003b-54d.b-cdn.net/f1afd489-85d5-4b81-a1cc-06d875876cd3/thumbnail.jpg,https://vz-cddd003b-54d.b-cdn.net/f1afd489-85d5-4b81-a1cc-06d875876cd3/preview.webp?v=1752877893,https://olympo.b-cdn.net/hombros/Remo-Menton-Barra.mp4
remo-menton-mancuernas,Remo al mentón con mancuernas,"De pie, mancuernas al frente, eleva cerca del cuerpo dirigiendo codos arriba y afuera hasta la altura de los hombros. Las muñecas pueden rotar de neutro a prono al subir. Baja controlado.","[""Mejor trayectoria para hombros"",""Permite trabajo unilateral"",""Menos estrés en muñecas que la barra""]","[""Codos muy altos"",""Usar mucho peso"",""Manos por encima de codos""]","[""No subas codos más allá de hombros"",""Evita impulso"",""Ideal para moderar pesos""]",compuesto,Deltoides lateral,"[""Trapecio"",""Deltoides anterior"",""Bíceps""]","[""Mancuernas""]","[""Intermedio"",""Avanzado""]",media,hipertrofia,7,"[""gimnasio"",""hombros"",""mancuernas"",""casa""]","[""remo-menton-mancuernas"",""remo-menton-barra"",""remo-menton-polea-cuerda""]",https://vz-cddd003b-54d.b-cdn.net/4bbf886f-4214-4c4f-9313-fe8c34329315/playlist.m3u8,https://iframe.mediadelivery.net/play/458976/4bbf886f-4214-4c4f-9313-fe8c34329315,https://vz-cddd003b-54d.b-cdn.net/4bbf886f-4214-4c4f-9313-fe8c34329315/thumbnail.jpg,https://vz-cddd003b-54d.b-cdn.net/4bbf886f-4214-4c4f-9313-fe8c34329315/preview.webp?v=1752877995,https://olympo.b-cdn.net/hombros/Remo-Menton-Mancuernas.mp4
remo-menton-polea-cuerda,Remo al mentón en polea,"De pie frente a polea baja, toma la barra corta o cuerda. Tira verticalmente dirigiendo codos hacia arriba, barra cerca del cuerpo, sin elevar codos más allá de hombros. Baja lento y controlado.","[""Tensión constante con polea"",""Puede ser más amigable para muñecas"",""Permite controlar la carga con precisión""]","[""Codos por encima de hombros"",""Impulso de torso"",""Accesorio separado del cuerpo""]","[""Atento a molestias de hombro"",""No subas codos en exceso"",""Peso moderado""]",compuesto,Deltoides lateral,"[""Trapecio"",""Deltoides anterior"",""Bíceps""]","[""Polea baja"",""Barra o cuerda""]","[""Intermedio"",""Avanzado""]",media,hipertrofia,7,"[""gimnasio"",""hombros"",""polea""]","[""remo-menton-polea-cuerda"",""remo-menton-barra"",""remo-menton-mancuernas""]",https://vz-cddd003b-54d.b-cdn.net/1e11d07f-3593-4167-8e79-854305430dc5/playlist.m3u8,https://iframe.mediadelivery.net/play/458976/1e11d07f-3593-4167-8e79-854305430dc5,https://vz-cddd003b-54d.b-cdn.net/1e11d07f-3593-4167-8e79-854305430dc5/thumbnail.jpg,https://vz-cddd003b-54d.b-cdn.net/1e11d07f-3593-4167-8e79-854305430dc5/preview.webp?v=1752877960,https://olympo.b-cdn.net/hombros/Remo-Menton-Polea-Cuerda.mp4
remo-pecho-unilateral-maquina,Remo al pecho unilateral,"Ajusta el asiento y el apoyo del pecho de manera que la empuñadura quede a la altura del abdomen. Con un solo brazo, toma el agarre y realiza un tirón controlado llevando el codo hacia atrás sin rotar el torso. Mantén la contracción un segundo y regresa lentamente a la posición inicial. Luego cambia de lado.","[""Trabajo unilateral que corrige desequilibrios"",""Aislamiento efectivo del dorsal"",""Mayor control y rango de movimiento""]","[""Girar el torso al tirar"",""Encoger los hombros"",""Usar impulso en lugar de control""]","[""Mantén el pecho apoyado en todo momento"",""Controla la fase excéntrica"",""Concéntrate en llevar el codo hacia atrás, no la mano""]",compuesto,Dorsal ancho,"[""Romboides"",""Trapecio medio"",""Deltoides posterior"",""Bíceps braquial"",""Braquial"",""Braquiorradial"",""Redondo mayor"",""Erectores espinales"",""Core""]","[""Máquina de remo unilateral"",""Agarre en D o individual""]","[""Intermedio"",""Avanzado""]",media,hipertrofia,10,"[""gimnasio"",""espalda"",""fuerza""]","[""remo-en-polea-baja"",""jalon-pecho"",""remo-barra""]",https://vz-cddd003b-54d.b-cdn.net/d9b757ca-1380-41bf-98c7-2fd73f56d2f4/playlist.m3u8,https://iframe.mediadelivery.net/play/458976/d9b757ca-1380-41bf-98c7-2fd73f56d2f4,https://vz-cddd003b-54d.b-cdn.net/d9b757ca-1380-41bf-98c7-2fd73f56d2f4/thumbnail.jpg,https://vz-cddd003b-54d.b-cdn.net/d9b757ca-1380-41bf-98c7-2fd73f56d2f4/preview.webp?v=1761158385,https://olympo.b-cdn.net/espalda/Remo-Pecho-Unilateral-Maquina.MOV
remo-polea-baja-v,Remo en polea baja,"Siéntate frente a la polea baja, pies en los soportes, rodillas flexionadas. Toma el agarre con brazos extendidos y espalda recta. Tira del agarre hacia el abdomen, juntando escápulas, sin balancear el torso. Extiende los brazos y permite un buen estiramiento al frente. Ajusta el agarre según lo que busques activar más.","[""Desarrolla grosor de espalda"",""Mejora postura y fuerza de tracción"",""Variedad de rangos y agarres"",""Activa core en estabilización""]","[""Balanceo del torso"",""Redondear la lumbar"",""Tirar solo con los brazos""]","[""Mantén la lumbar estable"",""Controla el peso en todo momento"",""Ajusta la posición para tensión continua""]",compuesto,Dorsal ancho,"[""Romboides"",""Trapecio medio"",""Deltoides posterior"",""Bíceps braquial"",""Braquial"",""Braquiorradial"",""Redondo mayor"",""Erectores espinales"",""Core""]","[""Polea baja"",""Agarre V-bar"",""barra"",""cuerda""]","[""Principiante"",""Intermedio"",""Avanzado""]",media,hipertrofia,9,"[""gimnasio"",""espalda"",""polea""]","[""remo-sentado-maquina-angosto"",""remo-sentado-agarre-v"",""remo-barra-polea-baja""]",https://vz-cddd003b-54d.b-cdn.net/969d08ec-aa2b-4dd6-90af-a3a1f4ddccbe/playlist.m3u8,https://iframe.mediadelivery.net/play/458976/969d08ec-aa2b-4dd6-90af-a3a1f4ddccbe,https://vz-cddd003b-54d.b-cdn.net/969d08ec-aa2b-4dd6-90af-a3a1f4ddccbe/thumbnail.jpg,https://vz-cddd003b-54d.b-cdn.net/969d08ec-aa2b-4dd6-90af-a3a1f4ddccbe/preview.webp?v=1752876093,https://olympo.b-cdn.net/espalda/Remo-Polea-Baja-V.mp4
remo-sentado-agarre-v,Remo sentado en máquina,"Siéntate en la máquina con los pies firmemente apoyados, espalda recta. Toma el agarre (V-bar, barra recta, asas). Tira del agarre hacia el abdomen bajo o esternón, retrayendo las escápulas y manteniendo el torso estable. Extiende los brazos controladamente y siente el estiramiento de la espalda. Evita impulso del torso.","[""Desarrolla grosor y fuerza en la espalda"",""Mejora postura"",""Permite uso de carga alta con seguridad"",""Variedad de agarres""]","[""Usar impulso del torso"",""Encoger los hombros"",""No retraer las escápulas""]","[""Ajusta asiento y apoyo pectoral"",""Evita hiperextender la lumbar"",""Controla el peso siempre""]",compuesto,Dorsal ancho,"[""Romboides"",""Trapecio medio"",""Deltoides posterior"",""Bíceps braquial"",""Braquial"",""Braquiorradial"",""Redondo mayor"",""Erectores espinales""]","[""Máquina de remo sentado"",""Agarre V-bar o barra""]","[""Principiante"",""Intermedio"",""Avanzado""]",media,hipertrofia,9,"[""gimnasio"",""espalda"",""polea""]","[""remo-sentado-maquina-ancho"",""remo-sentado-maquina-angosto"",""remo-sentado-barra-recta-neutro""]",https://vz-cddd003b-54d.b-cdn.net/a13c6a4f-6e9a-45e8-85d9-cd2f6d6e1e36/playlist.m3u8,https://iframe.mediadelivery.net/play/458976/a13c6a4f-6e9a-45e8-85d9-cd2f6d6e1e36,https://vz-cddd003b-54d.b-cdn.net/a13c6a4f-6e9a-45e8-85d9-cd2f6d6e1e36/thumbnail.jpg,https://vz-cddd003b-54d.b-cdn.net/a13c6a4f-6e9a-45e8-85d9-cd2f6d6e1e36/preview.webp?v=1761147573,https://olympo.b-cdn.net/espalda/Remo-Sentado-Agarre-V.mp4
remo-sentado-barra-recta-neutro,Remo sentado en máquina,"Siéntate en la máquina con los pies firmemente apoyados, espalda recta. Toma el agarre (V-bar, barra recta, asas). Tira del agarre hacia el abdomen bajo o esternón, retrayendo las escápulas y manteniendo el torso estable. Extiende los brazos controladamente y siente el estiramiento de la espalda. Evita impulso del torso.","[""Desarrolla grosor y fuerza en la espalda"",""Mejora postura"",""Permite uso de carga alta con seguridad"",""Variedad de agarres""]","[""Usar impulso del torso"",""Encoger los hombros"",""No retraer las escápulas""]","[""Ajusta asiento y apoyo pectoral"",""Evita hiperextender la lumbar"",""Controla el peso siempre""]",compuesto,Dorsal ancho,"[""Romboides"",""Trapecio medio"",""Deltoides posterior"",""Bíceps braquial"",""Braquial"",""Braquiorradial"",""Redondo mayor"",""Erectores espinales""]","[""Máquina de remo sentado"",""Agarre V-bar o barra""]","[""Principiante"",""Intermedio"",""Avanzado""]",media,hipertrofia,9,"[""gimnasio"",""espalda"",""polea""]","[""remo-sentado-maquina-ancho"",""remo-sentado-maquina-angosto"",""remo-sentado-agarre-v""]",https://vz-cddd003b-54d.b-cdn.net/b9de8b90-e41f-4ff8-8d7d-a4c767e441ec/playlist.m3u8,https://iframe.mediadelivery.net/play/458976/b9de8b90-e41f-4ff8-8d7d-a4c767e441ec,https://vz-cddd003b-54d.b-cdn.net/b9de8b90-e41f-4ff8-8d7d-a4c767e441ec/thumbnail.jpg,https://vz-cddd003b-54d.b-cdn.net/b9de8b90-e41f-4ff8-8d7d-a4c767e441ec/preview.webp?v=1752876180,https://olympo.b-cdn.net/espalda/Remo-Sentado-Barra-Recta-Neutro.mp4
remo-sentado-maquina-ancho,Remo sentado en máquina multifuerza,"Siéntate en la máquina con el pecho apoyado, pies firmes, espalda recta. Toma el agarre (V-bar, barra recta, asas). Tira del agarre hacia el abdomen bajo o esternón, retrayendo las escápulas y manteniendo el torso estable. Extiende los brazos controladamente y siente el estiramiento de la espalda. Evita impulso del torso.","[""Desarrolla grosor y fuerza en la espalda"",""Mejora postura"",""Permite uso de carga alta con seguridad"",""Variedad de agarres""]","[""Usar impulso del torso"",""Encoger los hombros"",""No retraer las escápulas""]","[""Ajusta asiento y apoyo pectoral"",""Evita hiperextender la lumbar"",""Controla el peso siempre""]",compuesto,Dorsal ancho,"[""Romboides"",""Trapecio medio"",""Deltoides posterior"",""Bíceps braquial"",""Braquial"",""Braquiorradial"",""Redondo mayor"",""Erectores espinales""]","[""Máquina de remo sentado"",""Agarre V-bar o barra""]","[""Principiante"",""Intermedio"",""Avanzado""]",media,hipertrofia,9,"[""gimnasio"",""espalda"",""polea""]","[""remo-sentado-maquina-angosto"",""remo-sentado-agarre-v"",""remo-sentado-barra-recta-neutro""]",https://vz-cddd003b-54d.b-cdn.net/7294977e-7eb1-41ca-8d9e-54544ef3a80f/playlist.m3u8,https://iframe.mediadelivery.net/play/458976/7294977e-7eb1-41ca-8d9e-54544ef3a80f,https://vz-cddd003b-54d.b-cdn.net/7294977e-7eb1-41ca-8d9e-54544ef3a80f/thumbnail_f31080a5.jpg,https://vz-cddd003b-54d.b-cdn.net/7294977e-7eb1-41ca-8d9e-54544ef3a80f/preview.webp?v=1771995152,https://olympo.b-cdn.net/espalda/Remo-Sentado-Maquina-Ancho.MOV
remo-sentado-maquina-angosto,Remo sentado en máquina multifuerza,"Siéntate en la máquina con el pecho apoyado, pies firmes, espalda recta. Toma el agarre (V-bar, barra recta, asas). Tira del agarre hacia el abdomen bajo o esternón, retrayendo las escápulas y manteniendo el torso estable. Extiende los brazos controladamente y siente el estiramiento de la espalda. Evita impulso del torso.","[""Desarrolla grosor y fuerza en la espalda"",""Mejora postura"",""Permite uso de carga alta con seguridad"",""Variedad de agarres""]","[""Usar impulso del torso"",""Encoger los hombros"",""No retraer las escápulas""]","[""Ajusta asiento y apoyo pectoral"",""Evita hiperextender la lumbar"",""Controla el peso siempre""]",compuesto,Dorsal ancho,"[""Romboides"",""Trapecio medio"",""Deltoides posterior"",""Bíceps braquial"",""Braquial"",""Braquiorradial"",""Redondo mayor"",""Erectores espinales""]","[""Máquina de remo sentado"",""Agarre V-bar o barra""]","[""Principiante"",""Intermedio"",""Avanzado""]",media,hipertrofia,9,"[""gimnasio"",""espalda"",""polea""]","[""remo-sentado-maquina-ancho"",""remo-sentado-agarre-v"",""remo-sentado-barra-recta-neutro""]",https://vz-cddd003b-54d.b-cdn.net/6edd4c57-fd8c-4648-9063-9cebd968257f/playlist.m3u8,https://iframe.mediadelivery.net/play/458976/6edd4c57-fd8c-4648-9063-9cebd968257f,https://vz-cddd003b-54d.b-cdn.net/6edd4c57-fd8c-4648-9063-9cebd968257f/thumbnail.jpg,https://vz-cddd003b-54d.b-cdn.net/6edd4c57-fd8c-4648-9063-9cebd968257f/preview.webp?v=1771994599,https://olympo.b-cdn.net/espalda/Remo-Sentado-Maquina-Angosto.mp4
reverse-cable-crossover,Reverse cable crossover,"De pie entre dos poleas altas, cruza las manos sujetando las asas opuestas. Con los brazos casi extendidos, abre hacia atrás en arco, llevando los brazos a los lados y contrayendo los deltoides posteriores. Mantén postura estable y controla el regreso. No uses impulso y mantén el core activo.","[""Tensión constante en deltoides posterior"",""Mejora postura y estabilidad escapular"",""Permite fuerte contracción final""]","[""Usar demasiado peso y perder la forma"",""Flexionar excesivamente los codos"",""Encoger los hombros hacia las orejas""]","[""Activa core y mantén postura"",""Elige peso controlable"",""Detente si hay dolor agudo de hombro""]",aislado,Deltoides posterior,"[""Romboides"",""Trapecio"",""Infraespinoso"",""Redondo menor""]","[""Polea doble"",""Asas""]","[""Intermedio"",""Avanzado""]",media,hipertrofia,9,"[""gimnasio"",""hombros"",""polea""]","[""reverse-cable-crossover"",""face-pull"",""reverse-peck-deck-polea-parado""]",https://vz-cddd003b-54d.b-cdn.net/db6e15bc-e3da-41d9-ad78-efa09266b617/playlist.m3u8,https://iframe.mediadelivery.net/play/458976/db6e15bc-e3da-41d9-ad78-efa09266b617,https://vz-cddd003b-54d.b-cdn.net/db6e15bc-e3da-41d9-ad78-efa09266b617/thumbnail.jpg,https://vz-cddd003b-54d.b-cdn.net/db6e15bc-e3da-41d9-ad78-efa09266b617/preview.webp?v=1752878075,https://olympo.b-cdn.net/hombros/Reverse-Cable-Crossover.mp4
reverse-peck-deck-polea-parado,Aperturas reversas con cuerda a la altura de los hombros,"Ubica las poleas al nivel de los hombros y acopla una cuerda en cada lado. De pie en medio de la estación, toma cada cuerda con la mano contraria (agarre cruzado) o directa, según la comodidad. Con los brazos casi extendidos y una ligera flexión en los codos, abre los brazos hacia atrás en un movimiento semicircular, activando la parte posterior de los hombros y la parte alta de la espalda. Mantén el torso fijo y el core activado durante todo el movimiento.","[""Activa deltoides posterior"",""Mejora postura y equilibrio muscular"",""Aumenta la estabilidad escapular""]","[""Usar impulso del torso"",""Encoger los hombros"",""Cruzar demasiado al frente""]","[""Controla el peso"",""Evita hiperextender los codos"",""Mantén una postura firme""]",aislado,Deltoides posterior,"[""Trapecio medio"",""Romboides"",""Infraespinoso""]","[""Polea alta"",""Cuerdas""]","[""Intermedio"",""Avanzado""]",media,hipertrofia,8,"[""espalda"",""hombros"",""posterior"",""polea"",""gimnasio""]","[""reverse-peck-deck-polea-parado"",""face-pull"",""reverse-cable-crossover""]",https://vz-cddd003b-54d.b-cdn.net/262e38b8-5f0e-44b2-8ebb-d1b4452dc3c1/playlist.m3u8,https://iframe.mediadelivery.net/play/458976/262e38b8-5f0e-44b2-8ebb-d1b4452dc3c1,https://vz-cddd003b-54d.b-cdn.net/262e38b8-5f0e-44b2-8ebb-d1b4452dc3c1/thumbnail.jpg,https://vz-cddd003b-54d.b-cdn.net/262e38b8-5f0e-44b2-8ebb-d1b4452dc3c1/preview.webp?v=1752878028,https://olympo.b-cdn.net/hombros/Reverse-Peck-Deck-Polea-Parado.mp4
sentadilla-bulgara,Zancadas búlgaras (Bulgarian Split Squats),"Apoya el empeine de una pierna sobre un banco o plataforma detrás de ti. Con la otra pierna adelante, baja flexionando la rodilla delantera hasta que el muslo quede paralelo al suelo. Mantén el torso recto y el core activo. Sube empujando con la pierna de apoyo. Ideal para fuerza unilateral, glúteos y equilibrio.","[""Corrige desequilibrios entre piernas"",""Alta activación de glúteos"",""Mejora estabilidad de cadera y rodilla""]","[""Colocar el banco muy lejos o cerca"",""Inclinar el torso"",""Pérdida de equilibrio""]","[""Comienza con solo peso corporal"",""Asegura buena postura"",""Progresar con peso gradualmente""]",funcional,Glúteos,"[""Cuádriceps"",""Isquiotibiales"",""Core""]","[""Banco"",""Mancuernas (opcional)""]","[""Intermedio"",""Avanzado""]",media,hipertrofia,9,"[""gimnasio"",""piernas"",""casa"",""funcional""]","[""sentadilla-bulgara"",""zancadas-barra"",""zancadas-mancuernas""]",https://vz-cddd003b-54d.b-cdn.net/36f8edb1-8c7f-4e53-a927-883928ab0ba8/playlist.m3u8,https://iframe.mediadelivery.net/play/458976/36f8edb1-8c7f-4e53-a927-883928ab0ba8,https://vz-cddd003b-54d.b-cdn.net/36f8edb1-8c7f-4e53-a927-883928ab0ba8/thumbnail.jpg,https://vz-cddd003b-54d.b-cdn.net/36f8edb1-8c7f-4e53-a927-883928ab0ba8/preview.webp?v=1752893088,https://olympo.b-cdn.net/piernas/Sentadilla-Bulgara.mp4
sentadilla-cuerda-polea-baja,Sentadilla con cuerda en polea baja,"Coloca la cuerda en la polea baja y sujétala con ambas manos frente al cuerpo. Da un paso atrás y baja en sentadilla, manteniendo la cuerda cerca del pecho y el core firme. Empuja desde los talones para subir, controlando el movimiento. Perfecto para aprender la técnica y trabajar la postura.","[""Permite control del movimiento con asistencia"",""Ideal para principiantes y trabajo postural"",""Fácil de adaptar el peso""]","[""Separar la cuerda del pecho"",""Inclinar el torso en exceso"",""No controlar la bajada""]","[""Usa un peso moderado al empezar"",""Mantén la cuerda pegada al pecho"",""No uses impulso""]",compuesto,Cuádriceps,"[""Glúteos"",""Core"",""Aductores"",""Isquiotibiales""]","[""Polea baja"",""Cuerda""]","[""Principiante"",""Intermedio""]",media,hipertrofia,7,"[""gimnasio"",""piernas"",""polea""]","[""sentadilla-cuerda-polea-baja"",""sentadilla-mancuernas"",""sentadilla-goblet""]",https://vz-cddd003b-54d.b-cdn.net/34496541-ee43-48be-9c63-9bf2b688c7a3/playlist.m3u8,https://iframe.mediadelivery.net/play/458976/34496541-ee43-48be-9c63-9bf2b688c7a3,https://vz-cddd003b-54d.b-cdn.net/34496541-ee43-48be-9c63-9bf2b688c7a3/thumbnail.jpg,https://vz-cddd003b-54d.b-cdn.net/34496541-ee43-48be-9c63-9bf2b688c7a3/preview.webp?v=1752893144,https://olympo.b-cdn.net/piernas/Sentadilla-Cuerda-Polea-Baja.mp4
sentadilla-disco-pecho,Sentadilla con disco al pecho,"De pie, sostiene un disco de peso frente al pecho con ambas manos. Coloca los pies al ancho de hombros, baja en sentadilla hasta que los muslos estén paralelos al suelo, manteniendo el disco cerca del pecho y la espalda recta. Sube empujando desde los talones. Ideal para trabajar postura y técnica.","[""Mejora la postura y el control"",""Desarrolla fuerza y masa en piernas"",""Alternativa segura para aprender sentadilla profunda""]","[""Separar el disco del pecho"",""Inclinar el torso en exceso"",""No bajar suficiente""]","[""Elige un peso manejable"",""Mantén el disco pegado al pecho"",""Controla el movimiento""]",compuesto,Cuádriceps,"[""Glúteos"",""Core"",""Isquiotibiales"",""Aductores""]","[""Disco de peso""]","[""Principiante"",""Intermedio""]",media,hipertrofia,7,"[""gimnasio"",""piernas"",""casa""]","[""sentadilla-disco-pecho"",""sentadilla-goblet"",""sentadilla-mancuernas""]",https://vz-cddd003b-54d.b-cdn.net/3b2a91e7-e93f-49d2-8454-fedf02f45aa8/playlist.m3u8,https://iframe.mediadelivery.net/play/458976/3b2a91e7-e93f-49d2-8454-fedf02f45aa8,https://vz-cddd003b-54d.b-cdn.net/3b2a91e7-e93f-49d2-8454-fedf02f45aa8/thumbnail.jpg,https://vz-cddd003b-54d.b-cdn.net/3b2a91e7-e93f-49d2-8454-fedf02f45aa8/preview.webp?v=1752893233,https://olympo.b-cdn.net/piernas/Sentadilla-Disco-Pecho.mp4
sentadilla-frontal,Sentadilla frontal con barra,"Coloca la barra sobre los deltoides frontales, cruza los brazos o usa agarre limpio. Mantén el torso erguido y pies al ancho de hombros. Flexiona caderas y rodillas bajando el cuerpo hasta que los muslos estén paralelos o más abajo. Empuja hacia arriba manteniendo la espalda recta y el core firme.","[""Mayor activación de cuádriceps"",""Mejora la movilidad de tobillo y postura"",""Reduce carga en la espalda baja respecto a la sentadilla trasera""]","[""Inclinar el torso al frente"",""Dejar caer los codos"",""Flexionar la espalda""]","[""Practica la posición de muñecas y codos"",""Comienza con poco peso"",""Mantén el core muy activo""]",compuesto,Cuádriceps,"[""Glúteos"",""Core"",""Aductores"",""Isquiotibiales""]","[""Barra"",""Discos de peso"",""Rack""]","[""Intermedio"",""Avanzado""]",alta,hipertrofia,9,"[""gimnasio"",""piernas"",""barra""]","[""sentadilla-frontal"",""sentadilla-libre"",""sentadilla-smith""]",https://vz-cddd003b-54d.b-cdn.net/c3a3db74-7b18-4a63-bd33-eadf8b286e63/playlist.m3u8,https://iframe.mediadelivery.net/play/458976/c3a3db74-7b18-4a63-bd33-eadf8b286e63,https://vz-cddd003b-54d.b-cdn.net/c3a3db74-7b18-4a63-bd33-eadf8b286e63/thumbnail.jpg,https://vz-cddd003b-54d.b-cdn.net/c3a3db74-7b18-4a63-bd33-eadf8b286e63/preview.webp?v=1752893281,https://olympo.b-cdn.net/piernas/Sentadilla-Frontal.mp4
sentadilla-goblet,Sentadilla goblet,Sostén una mancuerna o kettlebell frente al pecho con ambas manos. Coloca los pies al ancho de hombros y baja controlando hasta que los muslos estén al menos paralelos al suelo. Mantén la espalda recta y el core activo. Sube empujando desde los talones sin inclinar el torso hacia adelante.,"[""Refuerza la técnica de sentadilla"",""Desarrolla piernas y glúteos con bajo riesgo"",""Ideal para aprender la sentadilla profunda""]","[""Separar los codos"",""Flexionar la espalda"",""Dejar caer la mancuerna al frente""]","[""Elige un peso manejable"",""Mantén el peso cerca del pecho"",""Controla el movimiento en todo momento""]",compuesto,Cuádriceps,"[""Glúteos"",""Isquiotibiales"",""Core"",""Aductores""]","[""Mancuerna"",""Kettlebell""]","[""Principiante"",""Intermedio""]",media,hipertrofia,8,"[""gimnasio"",""piernas"",""casa"",""mancuernas"",""kettlebell""]","[""sentadilla-goblet"",""sentadilla-mancuernas"",""sentadilla-kettlebell""]",https://vz-cddd003b-54d.b-cdn.net/a926b388-3397-44df-b464-f62be0157326/playlist.m3u8,https://iframe.mediadelivery.net/play/458976/a926b388-3397-44df-b464-f62be0157326,https://vz-cddd003b-54d.b-cdn.net/a926b388-3397-44df-b464-f62be0157326/thumbnail.jpg,https://vz-cddd003b-54d.b-cdn.net/a926b388-3397-44df-b464-f62be0157326/preview.webp?v=1752893191,https://olympo.b-cdn.net/piernas/Sentadilla-Goblet.mp4
sentadilla-hack,Sentadilla hack (Hack Squat en máquina),Acomódate en la máquina hack squat con la espalda y hombros apoyados. Coloca los pies adelante del cuerpo y baja la plataforma flexionando rodillas y caderas hasta que los muslos estén paralelos al suelo. Sube empujando desde los talones y controla ambas fases. Mantén la espalda siempre apoyada.,"[""Permite gran carga con seguridad"",""Aísla cuádriceps"",""Reduce carga en la zona lumbar"",""Ideal para hipertrofia""]","[""Quitar los talones de la plataforma"",""Despegar la espalda del respaldo"",""No controlar la bajada""]","[""Ajusta el apoyo según tu estatura"",""No bloquees las rodillas al subir"",""Empieza con poco peso""]",compuesto,Cuádriceps,"[""Glúteos"",""Isquiotibiales"",""Core""]","[""Máquina hack squat""]","[""Intermedio"",""Avanzado""]",media,hipertrofia,9,"[""gimnasio"",""piernas"",""maquina""]","[""sentadilla-hack"",""sentadilla-hack-eje"",""hack-total-vertical-pimpos""]",https://vz-cddd003b-54d.b-cdn.net/85cdc0f4-696f-4578-89e7-99e6cc0f7531/playlist.m3u8,https://iframe.mediadelivery.net/play/458976/85cdc0f4-696f-4578-89e7-99e6cc0f7531,https://vz-cddd003b-54d.b-cdn.net/85cdc0f4-696f-4578-89e7-99e6cc0f7531/thumbnail.jpg,https://vz-cddd003b-54d.b-cdn.net/85cdc0f4-696f-4578-89e7-99e6cc0f7531/preview.webp?v=1761099233,https://olympo.b-cdn.net/piernas/Sentadilla-Hack.MOV
sentadilla-hack-eje,Sentadilla Hack con eje libre,"Ubica el cuerpo inclinado sobre la máquina Hack pero con un eje libre que no tiene guías. Coloca los hombros bajo los cojines, pies en una plataforma inclinada. Desbloquea el mecanismo y desciende controladamente flexionando rodillas y caderas, manteniendo la espalda firme y el core activo. Luego, empuja con los pies para volver a la posición inicial. Requiere mayor estabilización y control por la libertad de movimiento del eje.","[""Mayor activación de estabilizadores"",""Mejora control neuromuscular"",""Varía el estímulo frente a máquinas guiadas""]","[""Redondear la espalda"",""Perder el control del eje"",""Alineación incorrecta de rodillas""]","[""Familiarízate con la máquina antes de usarla"",""Evita cargas altas al comenzar"",""Concéntrate en la técnica""]",compuesto,Cuádriceps,"[""Glúteos"",""Isquiotibiales"",""Core""]","[""Máquina Hack con eje libre""]","[""Intermedio"",""Avanzado""]",alta,hipertrofia,9,"[""piernas"",""glúteos"",""gimnasio"",""hack"",""avanzado""]","[""sentadilla-hack-eje"",""sentadilla-hack"",""hack-total-vertical-pimpos""]",https://vz-cddd003b-54d.b-cdn.net/9d64ad5f-df6d-4e6f-a2cc-186f67421417/playlist.m3u8,https://iframe.mediadelivery.net/play/458976/9d64ad5f-df6d-4e6f-a2cc-186f67421417,https://vz-cddd003b-54d.b-cdn.net/9d64ad5f-df6d-4e6f-a2cc-186f67421417/thumbnail_03d9d8b7.jpg,https://vz-cddd003b-54d.b-cdn.net/9d64ad5f-df6d-4e6f-a2cc-186f67421417/preview.webp?v=1761100514,https://olympo.b-cdn.net/piernas/Sentadilla-Hack-Eje.MOV
sentadilla-hack-invertida,Sentadilla Hack invertida (mirando hacia la máquina),"Ubica los pies sobre la plataforma y apoya la espalda contra el respaldo de la máquina Hack, esta vez mirando hacia ella. Coloca los hombros debajo de los cojines. Desciende controladamente flexionando las rodillas y manteniendo la espalda neutra. Mantén los talones apoyados y el torso ligeramente inclinado hacia adelante, activando glúteos y femorales. Ideal para trabajar el tren inferior con énfasis posterior.","[""Mayor activación de glúteos e isquiotibiales"",""Menor carga sobre la zona lumbar"",""Variante segura para hipertrofia del tren inferior""]","[""Arqueo excesivo de la espalda"",""Impulsarse con la cadera"",""No bajar suficiente""]","[""Ajusta la altura de la plataforma y topes"",""Controla la bajada y evita rebotes"",""Mantén los talones apoyados todo el tiempo""]",compuesto,Glúteos,"[""Isquiotibiales"",""Cuádriceps"",""Core""]","[""Máquina Hack""]","[""Intermedio"",""Avanzado""]",alta,hipertrofia,9,"[""piernas"",""glúteos"",""gimnasio"",""máquinas""]","[""sentadilla-hack-invertida"",""sentadilla-hack"",""hack-total-vertical-pimpos""]",https://vz-cddd003b-54d.b-cdn.net/a36e8edf-1f79-4b16-85d2-2c6ad9e620e5/playlist.m3u8,https://iframe.mediadelivery.net/play/458976/a36e8edf-1f79-4b16-85d2-2c6ad9e620e5,https://vz-cddd003b-54d.b-cdn.net/a36e8edf-1f79-4b16-85d2-2c6ad9e620e5/thumbnail.jpg,https://vz-cddd003b-54d.b-cdn.net/a36e8edf-1f79-4b16-85d2-2c6ad9e620e5/preview.webp?v=1752893446,https://olympo.b-cdn.net/piernas/Sentadilla-Hack-Invertida.mp4
sentadilla-hack-unilateral,Sentadilla Hack a una pierna,"Ubica un solo pie sobre la plataforma de la máquina Hack, el otro pie queda suspendido o hacia atrás. Apoya la espalda contra el respaldo y coloca los hombros bajo los cojines. Flexiona la rodilla de la pierna activa bajando lentamente, manteniendo el torso estable y la espalda recta. Este ejercicio exige fuerza, estabilidad y control, con un alto enfoque en glúteos y cuádriceps.","[""Mayor activación unilateral de glúteos y cuádriceps"",""Desarrolla equilibrio y fuerza funcional"",""Corrige desbalances entre piernas""]","[""Perder la alineación de la rodilla"",""Impulsarse con el torso"",""No mantener el core activo""]","[""Inicia con poco peso"",""Realiza el movimiento controlado"",""No extiendas completamente la rodilla al subir""]",compuesto,Cuádriceps,"[""Glúteos"",""Isquiotibiales"",""Core""]","[""Máquina Hack""]","[""Intermedio"",""Avanzado""]",alta,hipertrofia,9,"[""piernas"",""glúteos"",""gimnasio"",""unilateral""]","[""sentadilla-hack-unilateral"",""sentadilla-hack"",""sentadilla-hack-invertida""]",https://vz-cddd003b-54d.b-cdn.net/4d884863-9a73-4074-bfe3-5b3e0ad52604/playlist.m3u8,https://iframe.mediadelivery.net/play/458976/4d884863-9a73-4074-bfe3-5b3e0ad52604,https://vz-cddd003b-54d.b-cdn.net/4d884863-9a73-4074-bfe3-5b3e0ad52604/thumbnail.jpg,https://vz-cddd003b-54d.b-cdn.net/4d884863-9a73-4074-bfe3-5b3e0ad52604/preview.webp?v=1752893573,https://olympo.b-cdn.net/piernas/Sentadilla-Hack-Unilateral.mp4
sentadilla-kettlebell,Sentadilla con pesa rusa,"De pie, con los pies al ancho de los hombros, sujeta una pesa rusa frente al pecho con ambas manos (posición tipo cáliz). Mantén el pecho erguido, el core activo y baja en sentadilla empujando las caderas hacia atrás y hacia abajo. Mantén los talones apoyados y las rodillas alineadas. Luego, empuja con los pies para volver a la posición inicial. Este ejercicio es ideal para fortalecer el tren inferior, mejorar la postura y controlar el peso corporal.","[""Fortalece piernas y glúteos"",""Activa el core"",""Mejora la movilidad y estabilidad""]","[""Llevar las rodillas hacia adentro"",""Inclinar el torso en exceso"",""Perder contacto de los talones con el suelo""]","[""Mantén la pesa cerca del pecho"",""No bajes más allá de tu rango controlado"",""Inicia con poco peso si eres principiante""]",compuesto,Cuádriceps,"[""Glúteos"",""Isquiotibiales"",""Core""]","[""Pesa rusa""]","[""Principiante"",""Intermedio""]",media,hipertrofia,8,"[""piernas"",""glúteos"",""casa"",""peso corporal"",""pesa rusa""]","[""sentadilla-kettlebell"",""sentadilla-goblet"",""sentadilla-mancuernas""]",https://vz-cddd003b-54d.b-cdn.net/7c5a3da9-c1be-4e98-98ca-047a8cd7f2a3/playlist.m3u8,https://iframe.mediadelivery.net/play/458976/7c5a3da9-c1be-4e98-98ca-047a8cd7f2a3,https://vz-cddd003b-54d.b-cdn.net/7c5a3da9-c1be-4e98-98ca-047a8cd7f2a3/thumbnail.jpg,https://vz-cddd003b-54d.b-cdn.net/7c5a3da9-c1be-4e98-98ca-047a8cd7f2a3/preview.webp?v=1752893486,https://olympo.b-cdn.net/piernas/Sentadilla-Kettlebell.mp4
sentadilla-libre,Sentadilla libre (Sentadilla trasera con barra),"Coloca la barra sobre la parte alta de la espalda, pies al ancho de hombros y puntas ligeramente hacia afuera. Flexiona caderas y rodillas bajando el cuerpo hasta que los muslos estén al menos paralelos al suelo, manteniendo la espalda recta y el core firme. Sube empujando a través de los talones hasta volver a la posición inicial. Controla el movimiento en ambas fases y evita que las rodillas colapsen hacia adentro.","[""Desarrolla fuerza y masa muscular en piernas y glúteos"",""Mejora movilidad y estabilidad articular"",""Ejercicio fundamental para potencia y rendimiento""]","[""Redondear la espalda"",""Rodillas hacia adentro"",""No bajar lo suficiente""]","[""Calienta antes de realizarla"",""Mantén la técnica en todo momento"",""Evita cargas máximas si eres principiante""]",compuesto,Cuádriceps,"[""Glúteos"",""Isquiotibiales"",""Core"",""Aductores""]","[""Barra"",""Discos de peso"",""Rack o soportes""]","[""Intermedio"",""Avanzado""]",alta,hipertrofia,10,"[""gimnasio"",""piernas"",""barra""]","[""sentadilla-libre"",""sentadilla-mancuernas"",""sentadilla-goblet""]",https://vz-cddd003b-54d.b-cdn.net/e70912cc-eaa1-4806-af1c-46f413a77d4c/playlist.m3u8,https://iframe.mediadelivery.net/play/458976/e70912cc-eaa1-4806-af1c-46f413a77d4c,https://vz-cddd003b-54d.b-cdn.net/e70912cc-eaa1-4806-af1c-46f413a77d4c/thumbnail.jpg,https://vz-cddd003b-54d.b-cdn.net/e70912cc-eaa1-4806-af1c-46f413a77d4c/preview.webp?v=1771995253,https://olympo.b-cdn.net/piernas/Sentadilla-Libre.MOV
sentadilla-mancuernas,Sentadilla con mancuernas,"De pie con los pies al ancho de hombros, sostiene una mancuerna en cada mano a los lados o una sola en posición goblet frente al pecho. Flexiona caderas y rodillas bajando el cuerpo hasta que los muslos estén paralelos al suelo, manteniendo el pecho erguido y el core activo. Sube controlando el movimiento y empuja desde los talones.","[""Fácil de adaptar para principiantes o en casa"",""Desarrolla fuerza y masa en piernas y glúteos"",""Mejora la movilidad y la técnica de sentadilla""]","[""Inclinar el torso en exceso"",""Colocar los pies muy juntos o anchos"",""No bajar lo suficiente""]","[""Mantén el peso cerca del cuerpo"",""Controla la bajada"",""Evita sobrecargar sin experiencia""]",compuesto,Cuádriceps,"[""Glúteos"",""Isquiotibiales"",""Core"",""Aductores""]","[""Mancuernas""]","[""Principiante"",""Intermedio"",""Avanzado""]",media,hipertrofia,8,"[""gimnasio"",""piernas"",""casa"",""mancuernas""]","[""sentadilla-mancuernas"",""sentadilla-goblet"",""sentadilla-libre""]",https://vz-cddd003b-54d.b-cdn.net/5a03818a-4d12-421b-9848-320019803ca6/playlist.m3u8,https://iframe.mediadelivery.net/play/458976/5a03818a-4d12-421b-9848-320019803ca6,https://vz-cddd003b-54d.b-cdn.net/5a03818a-4d12-421b-9848-320019803ca6/thumbnail.jpg,https://vz-cddd003b-54d.b-cdn.net/5a03818a-4d12-421b-9848-320019803ca6/preview.webp?v=1752893647,https://olympo.b-cdn.net/piernas/Sentadilla-Mancuernas.mp4
sentadilla-maquina,Sentadilla en máquina de sentadilla,"Ajusta la máquina de palanca, apoya hombros y espalda, pies adelante. Baja controlando hasta que los muslos estén paralelos al suelo. Sube empujando desde los talones, manteniendo el core firme. Permite sobrecarga segura y controlada.","[""Aísla cuádriceps y glúteos"",""Permite cargas progresivas seguras"",""Reduce impacto lumbar""]","[""Despegar espalda del respaldo"",""Pies mal ubicados"",""No controlar la bajada""]","[""Ajusta la máquina a tu estatura"",""Evita bloquear rodillas"",""Controla el movimiento""]",compuesto,Cuádriceps,"[""Glúteos"",""Isquiotibiales"",""Core""]","[""Máquina de sentadilla de palanca""]","[""Intermedio"",""Avanzado""]",media,hipertrofia,8,"[""gimnasio"",""piernas"",""maquina""]","[""sentadilla-maquina"",""sentadilla-smith"",""sentadilla-hack""]",https://vz-cddd003b-54d.b-cdn.net/d71820ec-f297-479a-af91-bacb1ee39d66/playlist.m3u8,https://iframe.mediadelivery.net/play/458976/d71820ec-f297-479a-af91-bacb1ee39d66,https://vz-cddd003b-54d.b-cdn.net/d71820ec-f297-479a-af91-bacb1ee39d66/thumbnail.jpg,https://vz-cddd003b-54d.b-cdn.net/d71820ec-f297-479a-af91-bacb1ee39d66/preview.webp?v=1771995345,https://olympo.b-cdn.net/piernas/Sentadilla-Maquina.MOV
sentadilla-pausa,Sentadilla con pausa,"Realiza la sentadilla tradicional, pero añade una pausa de 1-3 segundos en la parte baja antes de subir. Mantén el core activo y la espalda recta durante la pausa. Ideal para ganar control y fuerza en el rango más difícil.","[""Mejora control y fuerza en el punto de mayor dificultad"",""Aumenta tiempo bajo tensión"",""Corrige errores técnicos""]","[""No mantener la espalda recta"",""Pérdida de tensión en la pausa"",""Usar peso excesivo""]","[""Pausa controlada"",""no relajes el core"",""No sobrecargues de entrada"",""Mantén técnica en todo momento""]",compuesto,Cuádriceps,"[""Glúteos"",""Isquiotibiales"",""Core""]","[""Barra"",""Discos de peso""]","[""Intermedio"",""Avanzado""]",alta,hipertrofia,9,"[""gimnasio"",""piernas"",""barra""]","[""sentadilla-pausa"",""sentadilla-libre"",""sentadilla-smith""]",https://vz-cddd003b-54d.b-cdn.net/a9937569-709c-41f5-b751-e9a3e434b29f/playlist.m3u8,https://iframe.mediadelivery.net/play/458976/a9937569-709c-41f5-b751-e9a3e434b29f,https://vz-cddd003b-54d.b-cdn.net/a9937569-709c-41f5-b751-e9a3e434b29f/thumbnail.jpg,https://vz-cddd003b-54d.b-cdn.net/a9937569-709c-41f5-b751-e9a3e434b29f/preview.webp?v=1752893961,https://olympo.b-cdn.net/piernas/Sentadilla-Pausa.mp4
sentadilla-pendulo,Sentadilla péndulo,"En máquina de sentadilla péndulo, coloca los hombros y la espalda en los apoyos. Flexiona caderas y rodillas bajando la plataforma hacia atrás en un ángulo de péndulo, hasta que los muslos estén paralelos al suelo. Sube empujando desde los talones. Controla ambas fases y evita estirar por completo las rodillas.","[""Mayor rango de movimiento"",""Reduce estrés lumbar"",""Excelente para hipertrofia de cuádriceps y glúteos""]","[""No ajustar bien la máquina"",""Despegar la espalda del respaldo"",""Bajar en exceso o con rebote""]","[""Ajusta la máquina a tu altura"",""No bloquees las rodillas"",""Comienza con poco peso""]",compuesto,Cuádriceps,"[""Glúteos"",""Core"",""Isquiotibiales"",""Aductores""]","[""Máquina péndulo""]","[""Intermedio"",""Avanzado""]",media,hipertrofia,8,"[""gimnasio"",""piernas"",""maquina""]","[""sentadilla-pendulo"",""sentadilla-hack"",""hack-total-vertical-pimpos""]",https://vz-cddd003b-54d.b-cdn.net/a9a03d88-6b1e-4176-a6e3-b9cdddb68f57/playlist.m3u8,https://iframe.mediadelivery.net/play/458976/a9a03d88-6b1e-4176-a6e3-b9cdddb68f57,https://vz-cddd003b-54d.b-cdn.net/a9a03d88-6b1e-4176-a6e3-b9cdddb68f57/thumbnail.jpg,https://vz-cddd003b-54d.b-cdn.net/a9a03d88-6b1e-4176-a6e3-b9cdddb68f57/preview.webp?v=1761112822,https://olympo.b-cdn.net/piernas/Sentadilla-Pendulo.MOV
sentadilla-salto,Sentadilla con salto,"De pie, pies al ancho de hombros, baja en sentadilla y luego salta explosivamente, extendiendo caderas y rodillas. Aterriza suavemente y repite. Controla el aterrizaje para proteger rodillas y espalda. Excelente para potencia y explosividad.","[""Desarrolla potencia y explosividad"",""Mejora capacidad cardiovascular"",""Fortalece piernas y core""]","[""No amortiguar el salto"",""Aterrizar con piernas rígidas"",""Inclinar el torso en exceso""]","[""Superficie adecuada para saltar"",""Evita fatiga excesiva"",""Progresar según condición física""]",funcional,Cuádriceps,"[""Glúteos"",""Isquiotibiales"",""Core"",""Pantorrillas""]","[""Peso corporal""]","[""Intermedio"",""Avanzado""]",alta,hipertrofia,8,"[""gimnasio"",""piernas"",""casa"",""explosivo""]","[""sentadilla-salto"",""sentadilla-libre"",""sentadilla-mancuernas""]",https://vz-cddd003b-54d.b-cdn.net/daed8e30-62c9-40c2-ba5a-a612ad32a348/playlist.m3u8,https://iframe.mediadelivery.net/play/458976/daed8e30-62c9-40c2-ba5a-a612ad32a348,https://vz-cddd003b-54d.b-cdn.net/daed8e30-62c9-40c2-ba5a-a612ad32a348/thumbnail.jpg,https://vz-cddd003b-54d.b-cdn.net/daed8e30-62c9-40c2-ba5a-a612ad32a348/preview.webp?v=1752891795,https://olympo.b-cdn.net/piernas/Check.mp4
sentadilla-sissy,Sentadilla sissy,"De pie, con los pies juntos, apóyate si es necesario. Mantén el torso erguido y baja doblando solo las rodillas hacia adelante, manteniendo el cuerpo recto y subiendo los talones. Baja lo más posible y sube controlando. Excelente para trabajar cuádriceps con poco peso.","[""Aísla cuádriceps"",""Mejora fuerza y control articular"",""Ideal para mejorar estabilidad de rodilla""]","[""Inclinar el torso hacia adelante"",""Bajar con rebote"",""No controlar el movimiento""]","[""Practica primero con apoyo"",""No bajes más allá de tu movilidad"",""Evita si tienes molestias de rodilla""]",aislado,Cuádriceps,"[""Core""]","[""Ninguno"",""Apoyo para estabilidad (opcional)""]","[""Intermedio"",""Avanzado""]",media,hipertrofia,7,"[""gimnasio"",""piernas"",""casa"",""bajo impacto""]","[""sentadilla-sissy"",""sentadilla-libre"",""sentadilla-smith""]",https://vz-cddd003b-54d.b-cdn.net/763a13bb-525a-4ef0-babc-1259f7df4a0d/playlist.m3u8,https://iframe.mediadelivery.net/play/458976/763a13bb-525a-4ef0-babc-1259f7df4a0d,https://vz-cddd003b-54d.b-cdn.net/763a13bb-525a-4ef0-babc-1259f7df4a0d/thumbnail.jpg,https://vz-cddd003b-54d.b-cdn.net/763a13bb-525a-4ef0-babc-1259f7df4a0d/preview.webp?v=1761104885,https://olympo.b-cdn.net/piernas/Sentadilla-Sissy.MOV
sentadilla-smith,Sentadilla en máquina Smith,"Coloca la barra de la máquina Smith sobre la parte alta de la espalda, pies al ancho de hombros y un poco adelantados. Baja controlando hasta que los muslos estén paralelos al suelo y sube empujando desde los talones. Ideal para control y sobrecarga progresiva.","[""Permite trabajar con seguridad y control"",""Ideal para principiantes"",""Aísla cuádriceps y glúteos""]","[""Colocar los pies demasiado atrás"",""Inclinar el torso"",""No bajar lo suficiente""]","[""Ajusta el banco o soportes según estatura"",""No sobrecargues sin técnica"",""Mantén espalda apoyada""]",compuesto,Cuádriceps,"[""Glúteos"",""Isquiotibiales"",""Core""]","[""Máquina Smith""]","[""Principiante"",""Intermedio"",""Avanzado""]",media,hipertrofia,8,"[""gimnasio"",""piernas"",""maquina"",""barra""]","[""sentadilla-smith"",""sentadilla-frontal"",""sentadilla-libre""]",https://vz-cddd003b-54d.b-cdn.net/ee9bf578-d59d-476a-ac8f-85835bdb30de/playlist.m3u8,https://iframe.mediadelivery.net/play/458976/ee9bf578-d59d-476a-ac8f-85835bdb30de,https://vz-cddd003b-54d.b-cdn.net/ee9bf578-d59d-476a-ac8f-85835bdb30de/thumbnail.jpg,https://vz-cddd003b-54d.b-cdn.net/ee9bf578-d59d-476a-ac8f-85835bdb30de/preview.webp?v=1761104053,https://olympo.b-cdn.net/piernas/Sentadilla-Smith.MOV
shrugs-barra-detras,Encogimientos por detrás con barra,"Sujeta la barra detrás de los glúteos y eleva los hombros verticalmente hacia las orejas, manteniendo el torso recto. Ideal para enfatizar fibras medias del trapecio y variar el estímulo.","[""Enfasis en fibras medias de trapecio"",""Mejora retracción escapular y postura"",""Varía el estímulo respecto a encogimientos frontales""]","[""Rango de movimiento limitado"",""Golpear los glúteos con la barra"",""Inclinar el torso en exceso""]","[""Comienza con poco peso"",""Mantén la barra cerca del cuerpo"",""Evita cargas que incomoden el agarre""]",aislado,Trapecio,"[""Romboides"",""Elevador de la escápula"",""Deltoides""]","[""Barra"",""Rack o soportes""]","[""Intermedio"",""Avanzado""]",media,hipertrofia,7,"[""gimnasio"",""espalda"",""hombros"",""barra""]","[""encogimientos-mancuernas"",""shrugs-barra-detras""]",https://vz-cddd003b-54d.b-cdn.net/88002f6a-9348-485e-82eb-ac2f41f0bcff/playlist.m3u8,https://iframe.mediadelivery.net/play/458976/88002f6a-9348-485e-82eb-ac2f41f0bcff,https://vz-cddd003b-54d.b-cdn.net/88002f6a-9348-485e-82eb-ac2f41f0bcff/thumbnail.jpg,https://vz-cddd003b-54d.b-cdn.net/88002f6a-9348-485e-82eb-ac2f41f0bcff/preview.webp?v=1752876299,https://olympo.b-cdn.net/espalda/Shrugs-Barra-Detras.mp4
step-down,Step down unilateral desde banco,"De pie sobre un banco, baja el talón de la pierna libre hacia el suelo flexionando la pierna de apoyo. Controla el descenso y sube de nuevo solo con la pierna en el banco. Mantén el torso erguido y la rodilla alineada con el pie, sin impulso. Excelente para fuerza excéntrica, equilibrio y control neuromuscular.","[""Desarrolla fuerza excéntrica en cuádriceps"",""Fortalece glúteo medio y estabilizadores de cadera"",""Mejora el equilibrio y propiocepción""]","[""Descenso rápido o descontrolado"",""Impulsarse con la pierna libre"",""Rodilla desviada hacia adentro""]","[""Comienza con altura baja y sin peso"",""Asegura estabilidad del banco"",""Progresar lentamente si hay problemas de rodilla""]",funcional,Cuádriceps,"[""Glúteos"",""Isquiotibiales"",""Core""]","[""Banco o plataforma"",""Mancuernas (opcional)""]","[""Intermedio"",""Avanzado""]",media,hipertrofia,8,"[""gimnasio"",""piernas"",""casa"",""bajo impacto""]","[""step-down"",""step-up-barra"",""step-up-mancuerna""]",https://vz-cddd003b-54d.b-cdn.net/b58fd51c-5bff-4c8a-83cc-08cc60c7fe5e/playlist.m3u8,https://iframe.mediadelivery.net/play/458976/b58fd51c-5bff-4c8a-83cc-08cc60c7fe5e,https://vz-cddd003b-54d.b-cdn.net/b58fd51c-5bff-4c8a-83cc-08cc60c7fe5e/thumbnail.jpg,https://vz-cddd003b-54d.b-cdn.net/b58fd51c-5bff-4c8a-83cc-08cc60c7fe5e/preview.webp?v=1752894011,https://olympo.b-cdn.net/piernas/Step-Down.mp4
step-up-barra,Step-up con mancuernas,"De pie frente a un banco, sujeta una mancuerna en cada mano. Sube con una pierna apoyando todo el pie en el banco y luego baja controlado. Cambia de pierna en cada repetición. Mantén el torso recto y el core activo. Excelente para fuerza unilateral y equilibrio.","[""Desarrolla fuerza y masa en piernas y glúteos"",""Mejora coordinación y control"",""Corrige desequilibrios musculares""]","[""Impulsarse con la pierna trasera"",""No apoyar completamente el pie"",""Aterrizar con poca estabilidad""]","[""Elige banco estable y altura moderada"",""Comienza con poco peso"",""Controla la bajada""]",funcional,Glúteos,"[""Cuádriceps"",""Isquiotibiales"",""Core""]","[""Banco"",""Mancuernas""]","[""Principiante"",""Intermedio"",""Avanzado""]",media,hipertrofia,8,"[""gimnasio"",""piernas"",""casa"",""mancuernas""]","[""step-up-barra"",""step-up-mancuerna"",""step-up-maquina""]",https://vz-cddd003b-54d.b-cdn.net/700e43bd-d75b-4acd-975d-06f6ecb28d55/playlist.m3u8,https://iframe.mediadelivery.net/play/458976/700e43bd-d75b-4acd-975d-06f6ecb28d55,https://vz-cddd003b-54d.b-cdn.net/700e43bd-d75b-4acd-975d-06f6ecb28d55/thumbnail.jpg,https://vz-cddd003b-54d.b-cdn.net/700e43bd-d75b-4acd-975d-06f6ecb28d55/preview.webp?v=1752894051,https://olympo.b-cdn.net/piernas/Step-Up-Barra.mp4
step-up-mancuerna,Step-up con barra,"De pie frente a un banco, coloca la barra sobre la espalda alta. Sube con una pierna al banco y luego baja controlado, alternando de pierna. Mantén la postura recta y core activo. Requiere técnica y control, ideal para fuerza y potencia.","[""Desarrolla fuerza y potencia unilateral"",""Mayor sobrecarga que con mancuernas"",""Mejora coordinación y equilibrio""]","[""Impulsarse con la pierna trasera"",""Bajar rápido y sin control"",""Perder la postura con barra""]","[""Banco estable y altura adecuada"",""Empieza con poco peso"",""Controla el movimiento en todo momento""]",funcional,Glúteos,"[""Cuádriceps"",""Isquiotibiales"",""Core""]","[""Banco"",""Barra""]","[""Intermedio"",""Avanzado""]",media,hipertrofia,8,"[""gimnasio"",""piernas"",""barra""]","[""step-up-mancuerna"",""step-up-barra"",""step-up-maquina""]",https://vz-cddd003b-54d.b-cdn.net/1f23d5ac-c4f6-489a-8f0e-8e7b253343a3/playlist.m3u8,https://iframe.mediadelivery.net/play/458976/1f23d5ac-c4f6-489a-8f0e-8e7b253343a3,https://vz-cddd003b-54d.b-cdn.net/1f23d5ac-c4f6-489a-8f0e-8e7b253343a3/thumbnail.jpg,https://vz-cddd003b-54d.b-cdn.net/1f23d5ac-c4f6-489a-8f0e-8e7b253343a3/preview.webp?v=1752894089,https://olympo.b-cdn.net/piernas/Step-Up-Mancuerna.mp4
step-up-maquina,Step-up con maquina,"De pie frente a la maquina, agarra los soportes y pisa el area de la colchoneta, baja ejerciendo presión con el glúteo y el cuádriceps, sube de manera controlada y luego alternando de pierna. Mantén la postura recta y core activo. Requiere técnica y control, ideal para fuerza y potencia.","[""Desarrolla fuerza y potencia unilateral"",""Mayor sobrecarga que con mancuernas"",""Mejora coordinación y equilibrio""]","[""Impulsarse con la pierna trasera"",""Bajar rápido y sin control"",""Perder la postura con barra""]","[""Banco estable y altura adecuada"",""Empieza con poco peso"",""Controla el movimiento en todo momento""]",funcional,Glúteos,"[""Cuádriceps"",""Isquiotibiales"",""Core""]","[""maquina de fondos asistidos""]","[""Intermedio"",""Avanzado""]",media,hipertrofia,8,"[""gimnasio"",""piernas"",""barra""]","[""step-up-maquina"",""step-up-barra"",""step-up-mancuerna""]",https://vz-cddd003b-54d.b-cdn.net/fef103b2-22d9-4967-bd24-58b72c1d2386/playlist.m3u8,https://iframe.mediadelivery.net/play/458976/fef103b2-22d9-4967-bd24-58b72c1d2386,https://vz-cddd003b-54d.b-cdn.net/fef103b2-22d9-4967-bd24-58b72c1d2386/thumbnail_0977a9b1.jpg,https://vz-cddd003b-54d.b-cdn.net/fef103b2-22d9-4967-bd24-58b72c1d2386/preview.webp?v=1771995406,https://olympo.b-cdn.net/piernas/Step-Up-Maquina.mp4
zancada-smith,Desplantes en máquina Smith,"Coloca la barra de la Smith sobre los hombros y da un paso adelante flexionando ambas rodillas hasta que la trasera casi toque el suelo. Empuja con la pierna de adelante para volver. La máquina brinda mayor control y seguridad, ideal para progresar en peso.","[""Control y estabilidad en el movimiento"",""Permite sobrecarga progresiva"",""Aísla piernas y glúteos""]","[""Colocar pies muy juntos"",""Inclinar el torso al frente"",""Empujar con la pierna trasera""]","[""Ajusta el recorrido de la máquina"",""Controla la bajada y subida"",""Evita rebotes al cambiar de pierna""]",funcional,Glúteos,"[""Cuádriceps"",""Isquiotibiales"",""Core""]","[""Máquina Smith""]","[""Intermedio"",""Avanzado""]",media,hipertrofia,8,"[""gimnasio"",""piernas"",""maquina"",""barra""]","[""zancada-smith"",""zancadas-barra"",""zancadas-mancuernas""]",https://vz-cddd003b-54d.b-cdn.net/5b0fa29e-a5cd-4716-ae0b-3383bdb140b9/playlist.m3u8,https://iframe.mediadelivery.net/play/458976/5b0fa29e-a5cd-4716-ae0b-3383bdb140b9,https://vz-cddd003b-54d.b-cdn.net/5b0fa29e-a5cd-4716-ae0b-3383bdb140b9/thumbnail.jpg,https://vz-cddd003b-54d.b-cdn.net/5b0fa29e-a5cd-4716-ae0b-3383bdb140b9/preview.webp?v=1752894286,https://olympo.b-cdn.net/piernas/Zancada-Smith.mp4
zancadas-barra,Zancadas con barra,"De pie, da un paso largo adelante y flexiona ambas rodillas hasta que la trasera casi toque el suelo. Mantén el torso erguido y el core activo. Empuja con la pierna de adelante para volver a la posición inicial. Puede hacerse en el sitio o caminando. Variante básica para fuerza y control.","[""Mejora equilibrio y fuerza unilateral"",""Trabaja glúteos y cuádriceps"",""Aumenta estabilidad de cadera y rodilla""]","[""Rodilla delantera va hacia adentro"",""Inclinar el torso al frente"",""Empujar con la pierna trasera""]","[""No sobrepases la punta del pie con la rodilla"",""Controla el movimiento en ambas fases"",""Usa apoyo si eres principiante""]",funcional,Glúteos,"[""Cuádriceps"",""Isquiotibiales"",""Core""]","[""Peso corporal"",""Mancuernas"",""Barra""]","[""Principiante"",""Intermedio"",""Avanzado""]",media,hipertrofia,8,"[""gimnasio"",""piernas"",""casa"",""funcional""]","[""zancadas-barra"",""zancadas-mancuernas"",""sentadilla-bulgara""]",https://vz-cddd003b-54d.b-cdn.net/29ef5869-ee20-424d-accf-4d5b03118246/playlist.m3u8,https://iframe.mediadelivery.net/play/458976/29ef5869-ee20-424d-accf-4d5b03118246,https://vz-cddd003b-54d.b-cdn.net/29ef5869-ee20-424d-accf-4d5b03118246/thumbnail.jpg,https://vz-cddd003b-54d.b-cdn.net/29ef5869-ee20-424d-accf-4d5b03118246/preview.webp?v=1752894253,https://olympo.b-cdn.net/piernas/Zancadas-Barra.mp4
zancadas-mancuernas,Zancadas con mancuernas,Sujeta una mancuerna en cada mano a los lados del cuerpo. Da un paso adelante y flexiona ambas rodillas hasta que la trasera casi toque el suelo. Empuja con la pierna delantera para volver a la posición inicial. Mantén el torso erguido y el core activo.,"[""Incrementa fuerza y masa en piernas"",""Mayor activación del core"",""Desarrolla equilibrio y coordinación""]","[""Balancear el torso"",""Inclinarse hacia adelante"",""No controlar la bajada""]","[""Comienza con poco peso"",""Mantén core activo"",""Controla el movimiento en ambas fases""]",funcional,Glúteos,"[""Cuádriceps"",""Isquiotibiales"",""Core""]","[""Mancuernas""]","[""Intermedio"",""Avanzado""]",media,hipertrofia,8,"[""gimnasio"",""piernas"",""casa"",""mancuernas""]","[""zancadas-mancuernas"",""zancadas-barra"",""sentadilla-bulgara""]",https://vz-cddd003b-54d.b-cdn.net/d59b7e51-eac3-4706-8e1c-0ac90275e54a/playlist.m3u8,https://iframe.mediadelivery.net/play/458976/d59b7e51-eac3-4706-8e1c-0ac90275e54a,https://vz-cddd003b-54d.b-cdn.net/d59b7e51-eac3-4706-8e1c-0ac90275e54a/thumbnail.jpg,https://vz-cddd003b-54d.b-cdn.net/d59b7e51-eac3-4706-8e1c-0ac90275e54a/preview.webp?v=1752894165,https://olympo.b-cdn.net/piernas/Zancada-Mancuernas.mp4